Timestamp,User Count,Type,Name,Requests/s,Failures/s,50%,66%,75%,80%,90%,95%,98%,99%,99.9%,99.99%,100%,Total Request Count,Total Failure Count,Total Median Response Time,Total Average Response Time,Total Min Response Time,Total Max Response Time,Total Average Content Size
1785397927,0,,Aggregated,0.000000,0.000000,N/A,N/A,N/A,N/A,N/A,N/A,N/A,N/A,N/A,N/A,N/A,0,0,0,0.0,0,0,0
1785397928,0,,Aggregated,0.000000,0.000000,N/A,N/A,N/A,N/A,N/A,N/A,N/A,N/A,N/A,N/A,N/A,0,0,0,0.0,0,0,0
1785397929,120,,Aggregated,0.000000,0.000000,N/A,N/A,N/A,N/A,N/A,N/A,N/A,N/A,N/A,N/A,N/A,0,0,0,0.0,0,0,0
1785397930,120,,Aggregated,0.000000,0.000000,N/A,N/A,N/A,N/A,N/A,N/A,N/A,N/A,N/A,N/A,N/A,0,0,0,0.0,0,0,0
1785397931,120,,Aggregated,0.000000,0.000000,88,140,220,290,470,730,840,960,1200,1200,1200,363,0,88,190.80743510721857,57.227287001296645,1249.5280349976383,6851.611570247934
1785397932,120,,Aggregated,0.000000,0.000000,88,140,220,290,470,730,840,960,1200,1200,1200,363,0,88,190.80743510721857,57.227287001296645,1249.5280349976383,6851.611570247934
1785397933,120,,Aggregated,0.000000,0.000000,88,140,220,290,470,730,840,960,1200,1200,1200,363,0,88,190.80743510721857,57.227287001296645,1249.5280349976383,6851.611570247934
1785397934,120,,Aggregated,179.333333,0.000000,120,180,260,340,600,3200,3400,3400,3500,3700,3700,1164,0,120,354.6533103023189,57.227287001296645,3715.095701001701,6890.626288659794
1785397935,120,,Aggregated,179.333333,0.000000,120,180,260,340,600,3200,3400,3400,3500,3700,3700,1164,0,120,354.6533103023189,57.227287001296645,3715.095701001701,6890.626288659794
1785397936,120,,Aggregated,179.333333,0.000000,120,180,260,340,600,3200,3400,3400,3500,3700,3700,1164,0,120,354.6533103023189,57.227287001296645,3715.095701001701,6890.626288659794
1785397937,120,,Aggregated,212.833333,2.666667,120,210,310,390,770,1300,3200,3400,3500,3700,3700,2070,70,120,341.27835231829965,57.227287001296645,3715.095701001701,6612.38115942029
1785397938,120,,Aggregated,212.833333,2.666667,120,210,310,390,770,1300,3200,3400,3500,3700,3700,2070,70,120,341.27835231829965,57.227287001296645,3715.095701001701,6612.38115942029
1785397939,120,,Aggregated,212.833333,2.666667,120,210,310,390,770,1300,3200,3400,3500,3700,3700,2070,70,120,341.27835231829965,57.227287001296645,3715.095701001701,6612.38115942029
1785397940,120,,Aggregated,253.888889,8.333333,110,190,290,360,680,1200,3200,3300,3500,4100,4100,3178,140,110,299.33594997070935,52.86486999830231,4053.5133570010657,6561.096601636249
1785397941,120,,Aggregated,253.888889,8.333333,110,190,290,360,680,1200,3200,3300,3500,4100,4100,3178,140,110,299.33594997070935,52.86486999830231,4053.5133570010657,6561.096601636249
1785397942,120,,Aggregated,253.888889,8.333333,110,190,290,360,680,1200,3200,3300,3500,4100,4100,3178,140,110,299.33594997070935,52.86486999830231,4053.5133570010657,6561.096601636249
1785397943,120,,Aggregated,316.800000,15.200000,95,160,230,310,540,800,1500,3200,3500,4100,4100,4673,566,95,248.4881874590112,51.69592200036277,4053.5133570010657,6009.533918253798
1785397944,120,,Aggregated,316.800000,15.200000,95,160,230,310,540,800,1500,3200,3500,4100,4100,4673,566,95,248.4881874590112,51.69592200036277,4053.5133570010657,6009.533918253798
1785397945,120,,Aggregated,386.900000,69.900000,89,130,200,260,460,720,1300,3200,3400,4100,4100,5910,1059,89,219.79986607342602,51.69592200036277,4053.5133570010657,5619.452453468697
1785397946,120,,Aggregated,397.000000,73.000000,89,130,190,250,450,690,1300,3200,3400,4100,4100,6267,1158,89,214.9455424590656,51.69592200036277,4053.5133570010657,5549.570927078347
1785397947,120,,Aggregated,397.000000,73.000000,89,130,190,250,450,690,1300,3200,3400,4100,4100,6267,1158,89,214.9455424590656,51.69592200036277,4053.5133570010657,5549.570927078347
1785397948,120,,Aggregated,478.600000,132.000000,85,110,160,210,400,620,1200,1500,3400,4100,4100,7934,1856,85,192.3963408357612,51.69592200036277,4053.5133570010657,5191.330350390724
1785397949,120,,Aggregated,478.600000,132.000000,85,110,160,210,400,620,1200,1500,3400,4100,4100,7934,1856,85,192.3963408357612,51.69592200036277,4053.5133570010657,5191.330350390724
1785397950,120,,Aggregated,478.600000,132.000000,85,110,160,210,400,620,1200,1500,3400,4100,4100,7934,1856,85,192.3963408357612,51.69592200036277,4053.5133570010657,5191.330350390724
1785397951,120,,Aggregated,534.400000,198.100000,81,100,130,170,350,550,900,1400,3400,4100,4100,9797,2723,81,171.69559526293008,51.69592200036277,4053.5133570010657,4864.328978258651
1785397952,120,,Aggregated,534.400000,198.100000,81,100,130,170,350,550,900,1400,3400,4100,4100,9797,2723,81,171.69559526293008,51.69592200036277,4053.5133570010657,4864.328978258651
1785397953,120,,Aggregated,534.400000,198.100000,81,100,130,170,350,550,900,1400,3400,4100,4100,9797,2723,81,171.69559526293008,51.69592200036277,4053.5133570010657,4864.328978258651
1785397954,120,,Aggregated,572.800000,243.500000,81,98,120,150,310,490,800,1300,3400,3700,4100,11579,3545,81,159.30511473312455,51.69592200036277,4053.5133570010657,4659.906382243717
1785397955,120,,Aggregated,572.800000,243.500000,81,98,120,150,310,490,800,1300,3400,3700,4100,11579,3545,81,159.30511473312455,51.69592200036277,4053.5133570010657,4659.906382243717
1785397956,120,,Aggregated,572.800000,243.500000,81,98,120,150,310,490,800,1300,3400,3700,4100,11579,3545,81,159.30511473312455,51.69592200036277,4053.5133570010657,4659.906382243717
1785397957,120,,Aggregated,588.200000,261.700000,82,100,120,150,280,460,750,1300,3400,3700,4100,13228,4209,82,153.5487798196117,51.69592200036277,4053.5133570010657,4561.252872694285
1785397958,120,,Aggregated,588.200000,261.700000,82,100,120,150,280,460,750,1300,3400,3700,4100,13228,4209,82,153.5487798196117,51.69592200036277,4053.5133570010657,4561.252872694285
1785397959,120,,Aggregated,588.200000,261.700000,82,100,120,150,280,460,750,1300,3400,3700,4100,13228,4209,82,153.5487798196117,51.69592200036277,4053.5133570010657,4561.252872694285
1785397960,120,,Aggregated,563.100000,246.500000,82,100,130,160,290,450,720,1300,3400,3700,4100,14640,4654,82,152.5222767937019,51.69592200036277,4053.5133570010657,4542.643989071038
1785397961,120,,Aggregated,563.100000,246.500000,82,100,130,160,290,450,720,1300,3400,3700,4100,14640,4654,82,152.5222767937019,51.69592200036277,4053.5133570010657,4542.643989071038
1785397962,120,,Aggregated,563.100000,246.500000,82,100,130,160,290,450,720,1300,3400,3700,4100,14640,4654,82,152.5222767937019,51.69592200036277,4053.5133570010657,4542.643989071038
1785397963,120,,Aggregated,533.800000,213.200000,81,100,120,150,280,430,680,1100,3400,3700,4100,16279,5331,81,148.07533332070594,51.69592200036277,4053.5133570010657,4465.052828797838
1785397964,120,,Aggregated,533.800000,213.200000,81,100,120,150,280,430,680,1100,3400,3700,4100,16279,5331,81,148.07533332070594,51.69592200036277,4053.5133570010657,4465.052828797838
1785397965,120,,Aggregated,533.800000,213.200000,81,100,120,150,280,430,680,1100,3400,3700,4100,16279,5331,81,148.07533332070594,51.69592200036277,4053.5133570010657,4465.052828797838
1785397966,120,,Aggregated,531.000000,207.000000,79,96,120,140,260,410,650,960,3400,3700,4100,18168,6229,79,141.26939618322214,51.69592200036277,4053.5133570010657,4355.7169749009245
1785397967,120,,Aggregated,531.000000,207.000000,79,96,120,140,260,410,650,960,3400,3700,4100,18168,6229,79,141.26939618322214,51.69592200036277,4053.5133570010657,4355.7169749009245
1785397968,120,,Aggregated,531.000000,207.000000,79,96,120,140,260,410,650,960,3400,3700,4100,18168,6229,79,141.26939618322214,51.69592200036277,4053.5133570010657,4355.7169749009245
1785397969,120,,Aggregated,557.200000,232.900000,78,93,110,130,240,390,620,890,3400,3500,4100,20091,7179,78,135.12377121361885,51.69592200036277,4053.5133570010657,4256.67388382858
1785397970,120,,Aggregated,557.200000,232.900000,78,93,110,130,240,390,620,890,3400,3500,4100,20091,7179,78,135.12377121361885,51.69592200036277,4053.5133570010657,4256.67388382858
1785397971,120,,Aggregated,557.200000,232.900000,78,93,110,130,240,390,620,890,3400,3500,4100,20091,7179,78,135.12377121361885,51.69592200036277,4053.5133570010657,4256.67388382858
1785397972,120,,Aggregated,608.700000,284.200000,77,90,110,120,230,370,590,820,3400,3500,4100,22012,8136,77,130.07085306981736,51.69592200036277,4053.5133570010657,4171.161184808287
1785397973,120,,Aggregated,608.700000,284.200000,77,90,110,120,230,370,590,820,3400,3500,4100,22012,8136,77,130.07085306981736,51.69592200036277,4053.5133570010657,4171.161184808287
1785397974,120,,Aggregated,608.700000,284.200000,77,90,110,120,230,370,590,820,3400,3500,4100,22012,8136,77,130.07085306981736,51.69592200036277,4053.5133570010657,4171.161184808287
1785397975,120,,Aggregated,632.900000,309.300000,76,88,100,120,210,350,570,810,3400,3500,4100,23868,9053,76,127.04697339131043,51.69592200036277,4053.5133570010657,4110.368233618234
1785397976,120,,Aggregated,632.900000,309.300000,76,88,100,120,210,350,570,810,3400,3500,4100,23868,9053,76,127.04697339131043,51.69592200036277,4053.5133570010657,4110.368233618234
1785397977,120,,Aggregated,632.900000,309.300000,76,88,100,120,210,350,570,810,3400,3500,4100,23868,9053,76,127.04697339131043,51.69592200036277,4053.5133570010657,4110.368233618234
1785397978,120,,Aggregated,625.400000,308.700000,76,87,100,120,210,340,550,790,3400,3500,4100,25712,9915,76,124.1703040234469,51.69592200036277,4053.5133570010657,4066.894251711263
1785397979,120,,Aggregated,625.400000,308.700000,76,87,100,120,210,340,550,790,3400,3500,4100,25712,9915,76,124.1703040234469,51.69592200036277,4053.5133570010657,4066.894251711263
1785397980,120,,Aggregated,625.400000,308.700000,76,87,100,120,210,340,550,790,3400,3500,4100,25712,9915,76,124.1703040234469,51.69592200036277,4053.5133570010657,4066.894251711263
1785397981,120,,Aggregated,622.700000,302.000000,75,87,100,110,200,330,530,760,3300,3500,4100,27570,10793,75,121.55397558726541,51.69592200036277,4053.5133570010657,4027.08142908959
1785397982,120,,Aggregated,622.700000,302.000000,75,87,100,110,200,330,530,760,3300,3500,4100,27570,10793,75,121.55397558726541,51.69592200036277,4053.5133570010657,4027.08142908959
1785397983,120,,Aggregated,622.700000,302.000000,75,87,100,110,200,330,530,760,3300,3500,4100,27570,10793,75,121.55397558726541,51.69592200036277,4053.5133570010657,4027.08142908959
1785397984,120,,Aggregated,616.500000,295.800000,75,86,99,110,190,320,510,740,3300,3500,4100,29448,11689,75,119.05837930752189,51.69592200036277,4053.5133570010657,3989.2556710133117
1785397985,120,,Aggregated,616.500000,295.800000,75,86,99,110,190,320,510,740,3300,3500,4100,29448,11689,75,119.05837930752189,51.69592200036277,4053.5133570010657,3989.2556710133117
1785397986,120,,Aggregated,616.500000,295.800000,75,86,99,110,190,320,510,740,3300,3500,4100,29448,11689,75,119.05837930752189,51.69592200036277,4053.5133570010657,3989.2556710133117
1785397987,120,,Aggregated,618.400000,292.100000,75,85,98,110,190,320,520,740,3300,3500,4100,31117,12409,75,118.13950653253417,51.69592200036277,4053.5133570010657,3976.063341581772
1785397988,120,,Aggregated,618.400000,292.100000,75,85,98,110,190,320,520,740,3300,3500,4100,31117,12409,75,118.13950653253417,51.69592200036277,4053.5133570010657,3976.063341581772
1785397989,120,,Aggregated,618.400000,292.100000,75,85,98,110,190,320,520,740,3300,3500,4100,31117,12409,75,118.13950653253417,51.69592200036277,4053.5133570010657,3976.063341581772
1785397990,120,,Aggregated,592.700000,270.100000,74,85,97,110,190,320,520,720,3300,3500,4100,32832,13003,74,117.63113388190962,51.69592200036277,4053.5133570010657,3990.379050925926
1785397991,120,,Aggregated,592.700000,270.100000,74,85,97,110,190,320,520,720,3300,3500,4100,32832,13003,74,117.63113388190962,51.69592200036277,4053.5133570010657,3990.379050925926
1785397992,120,,Aggregated,592.700000,270.100000,74,85,97,110,190,320,520,720,3300,3500,4100,32832,13003,74,117.63113388190962,51.69592200036277,4053.5133570010657,3990.379050925926
1785397993,120,,Aggregated,573.300000,236.000000,74,85,97,110,190,320,520,710,3300,3500,4100,34533,13632,74,116.87465451396938,51.69592200036277,4053.5133570010657,3995.944980163901
1785397994,120,,Aggregated,573.300000,236.000000,74,85,97,110,190,320,520,710,3300,3500,4100,34533,13632,74,116.87465451396938,51.69592200036277,4053.5133570010657,3995.944980163901
1785397995,120,,Aggregated,573.300000,236.000000,74,85,97,110,190,320,520,710,3300,3500,4100,34533,13632,74,116.87465451396938,51.69592200036277,4053.5133570010657,3995.944980163901
1785397996,120,,Aggregated,567.900000,221.300000,74,85,96,110,180,310,500,690,3300,3500,4100,36408,14525,74,115.14463705674268,51.574746998085175,4053.5133570010657,3967.705696550209
1785397997,120,,Aggregated,567.900000,221.300000,74,85,96,110,180,310,500,690,3300,3500,4100,36408,14525,74,115.14463705674268,51.574746998085175,4053.5133570010657,3967.705696550209
1785397998,120,,Aggregated,567.900000,221.300000,74,85,96,110,180,310,500,690,3300,3500,4100,36408,14525,74,115.14463705674268,51.574746998085175,4053.5133570010657,3967.705696550209
1785397999,120,,Aggregated,586.600000,237.000000,74,84,96,110,180,300,490,680,3300,3500,4100,38207,15359,74,113.80201149118696,51.51805599962245,4053.5133570010657,3945.556992174209
1785398000,120,,Aggregated,586.600000,237.000000,74,84,96,110,180,300,490,680,3300,3500,4100,38207,15359,74,113.80201149118696,51.51805599962245,4053.5133570010657,3945.556992174209
1785398001,120,,Aggregated,586.600000,237.000000,74,84,96,110,180,300,490,680,3300,3500,4100,38207,15359,74,113.80201149118696,51.51805599962245,4053.5133570010657,3945.556992174209
1785398002,120,,Aggregated,597.200000,258.500000,74,84,95,110,170,300,480,670,3300,3500,4100,40073,16200,74,112.68053809948681,51.51805599962245,4053.5133570010657,3932.107329124348
1785398003,120,,Aggregated,597.200000,258.500000,74,84,95,110,170,300,480,670,3300,3500,4100,40073,16200,74,112.68053809948681,51.51805599962245,4053.5133570010657,3932.107329124348
1785398004,120,,Aggregated,597.200000,258.500000,74,84,95,110,170,300,480,670,3300,3500,4100,40073,16200,74,112.68053809948681,51.51805599962245,4053.5133570010657,3932.107329124348
1785398005,120,,Aggregated,614.900000,284.700000,73,83,94,100,170,290,470,660,3300,3500,4100,41995,17119,73,111.07656997751386,51.51805599962245,4053.5133570010657,3908.8235266103106
1785398006,120,,Aggregated,614.900000,284.700000,73,83,94,100,170,290,470,660,3300,3500,4100,41995,17119,73,111.07656997751386,51.51805599962245,4053.5133570010657,3908.8235266103106
1785398007,120,,Aggregated,614.900000,284.700000,73,83,94,100,170,290,470,660,3300,3500,4100,41995,17119,73,111.07656997751386,51.51805599962245,4053.5133570010657,3908.8235266103106
1785398008,120,,Aggregated,617.800000,287.400000,73,83,93,100,160,280,460,640,3200,3500,4100,43846,17964,73,109.97650147027714,51.51805599962245,4053.5133570010657,3896.5270492177165
1785398009,120,,Aggregated,617.800000,287.400000,73,83,93,100,160,280,460,640,3200,3500,4100,43846,17964,73,109.97650147027714,51.51805599962245,4053.5133570010657,3896.5270492177165
1785398010,120,,Aggregated,617.800000,287.400000,73,83,93,100,160,280,460,640,3200,3500,4100,43846,17964,73,109.97650147027714,51.51805599962245,4053.5133570010657,3896.5270492177165
1785398011,120,,Aggregated,608.200000,275.800000,74,84,96,110,180,290,460,640,3200,3500,4100,45175,18381,74,111.51143557967463,51.51805599962245,4053.5133570010657,3915.317365799668
1785398012,120,,Aggregated,608.200000,275.800000,74,84,96,110,180,290,460,640,3200,3500,4100,45175,18381,74,111.51143557967463,51.51805599962245,4053.5133570010657,3915.317365799668
1785398013,120,,Aggregated,608.200000,275.800000,74,84,96,110,180,290,460,640,3200,3500,4100,45175,18381,74,111.51143557967463,51.51805599962245,4053.5133570010657,3915.317365799668
1785398014,120,,Aggregated,568.700000,243.900000,74,84,95,110,170,280,450,620,3200,3500,4100,47085,19219,74,110.18563549208477,51.51805599962245,4053.5133570010657,3906.3026653923753
1785398015,120,,Aggregated,568.700000,243.900000,74,84,95,110,170,280,450,620,3200,3500,4100,47085,19219,74,110.18563549208477,51.51805599962245,4053.5133570010657,3906.3026653923753
1785398016,120,,Aggregated,568.700000,243.900000,74,84,95,110,170,280,450,620,3200,3500,4100,47085,19219,74,110.18563549208477,51.51805599962245,4053.5133570010657,3906.3026653923753
1785398017,120,,Aggregated,568.900000,239.500000,73,83,94,110,170,280,440,610,3200,3500,4100,48959,20091,73,109.13580590407838,51.51805599962245,4053.5133570010657,3891.5974386731755
1785398018,120,,Aggregated,568.900000,239.500000,73,83,94,110,170,280,440,610,3200,3500,4100,48959,20091,73,109.13580590407838,51.51805599962245,4053.5133570010657,3891.5974386731755
1785398019,120,,Aggregated,568.900000,239.500000,73,83,94,110,170,280,440,610,3200,3500,4100,48959,20091,73,109.13580590407838,51.51805599962245,4053.5133570010657,3891.5974386731755
1785398020,120,,Aggregated,569.000000,240.200000,73,83,94,100,170,270,440,600,3200,3400,4100,50758,20712,73,108.50051001553972,51.51805599962245,4053.5133570010657,3908.349225737815
1785398021,120,,Aggregated,569.000000,240.200000,73,83,94,100,170,270,440,600,3200,3400,4100,50758,20712,73,108.50051001553972,51.51805599962245,4053.5133570010657,3908.349225737815
1785398022,120,,Aggregated,569.000000,240.200000,73,83,94,100,170,270,440,600,3200,3400,4100,50758,20712,73,108.50051001553972,51.51805599962245,4053.5133570010657,3908.349225737815
1785398023,120,,Aggregated,616.600000,254.200000,73,83,94,100,170,270,430,590,3200,3400,4100,52521,21389,73,108.00998085138782,51.51805599962245,4053.5133570010657,3913.6481978637116
1785398024,120,,Aggregated,616.600000,254.200000,73,83,94,100,170,270,430,590,3200,3400,4100,52521,21389,73,108.00998085138782,51.51805599962245,4053.5133570010657,3913.6481978637116
1785398025,120,,Aggregated,616.600000,254.200000,73,83,94,100,170,270,430,590,3200,3400,4100,52521,21389,73,108.00998085138782,51.51805599962245,4053.5133570010657,3913.6481978637116
1785398026,120,,Aggregated,608.600000,244.500000,73,83,93,100,160,270,430,580,3200,3400,4100,54441,22244,73,107.02227493151773,51.51805599962245,4053.5133570010657,3903.359214562554
1785398027,120,,Aggregated,608.600000,244.500000,73,83,93,100,160,270,430,580,3200,3400,4100,54441,22244,73,107.02227493151773,51.51805599962245,4053.5133570010657,3903.359214562554
1785398028,120,,Aggregated,608.600000,244.500000,73,83,93,100,160,270,430,580,3200,3400,4100,54441,22244,73,107.02227493151773,51.51805599962245,4053.5133570010657,3903.359214562554
1785398029,120,,Aggregated,611.100000,244.700000,73,82,93,100,160,260,420,580,3200,3400,4100,56352,23187,73,106.0651442227929,51.51805599962245,4053.5133570010657,3885.362347387848
1785398030,120,,Aggregated,611.100000,244.700000,73,82,93,100,160,260,420,580,3200,3400,4100,56352,23187,73,106.0651442227929,51.51805599962245,4053.5133570010657,3885.362347387848
1785398031,120,,Aggregated,611.100000,244.700000,73,82,93,100,160,260,420,580,3200,3400,4100,56352,23187,73,106.0651442227929,51.51805599962245,4053.5133570010657,3885.362347387848
1785398032,120,,Aggregated,620.700000,276.800000,73,82,92,100,160,260,410,560,3200,3400,4100,58319,24166,73,104.97449605414786,51.43086699899868,4053.5133570010657,3865.0031722080284
1785398033,120,,Aggregated,620.700000,276.800000,73,82,92,100,160,260,410,560,3200,3400,4100,58319,24166,73,104.97449605414786,51.43086699899868,4053.5133570010657,3865.0031722080284
1785398034,120,,Aggregated,620.700000,276.800000,73,82,92,100,160,260,410,560,3200,3400,4100,58319,24166,73,104.97449605414786,51.43086699899868,4053.5133570010657,3865.0031722080284
1785398035,120,,Aggregated,641.900000,306.100000,72,82,91,100,160,260,410,560,3200,3400,4100,60212,24977,72,104.19330711273297,51.43086699899868,4053.5133570010657,3862.9659204145355
1785398036,120,,Aggregated,641.900000,306.100000,72,82,91,100,160,260,410,560,3200,3400,4100,60212,24977,72,104.19330711273297,51.43086699899868,4053.5133570010657,3862.9659204145355
1785398037,120,,Aggregated,641.900000,306.100000,72,82,91,100,160,260,410,560,3200,3400,4100,60212,24977,72,104.19330711273297,51.43086699899868,4053.5133570010657,3862.9659204145355
1785398038,120,,Aggregated,634.200000,300.800000,72,81,91,100,160,250,410,550,3200,3400,4100,62044,25831,72,103.72531187371617,51.43086699899868,4053.5133570010657,3852.421410611824
1785398039,120,,Aggregated,634.200000,300.800000,72,81,91,100,160,250,410,550,3200,3400,4100,62044,25831,72,103.72531187371617,51.43086699899868,4053.5133570010657,3852.421410611824
1785398040,120,,Aggregated,634.200000,300.800000,72,81,91,100,160,250,410,550,3200,3400,4100,62044,25831,72,103.72531187371617,51.43086699899868,4053.5133570010657,3852.421410611824
1785398041,120,,Aggregated,631.300000,295.200000,72,81,91,100,150,250,400,550,3200,3400,4100,63937,26759,72,103.12407244751608,51.41346999880625,4053.5133570010657,3836.717362403616
1785398042,120,,Aggregated,631.300000,295.200000,72,81,91,100,150,250,400,550,3200,3400,4100,63937,26759,72,103.12407244751608,51.41346999880625,4053.5133570010657,3836.717362403616
1785398043,120,,Aggregated,631.300000,295.200000,72,81,91,100,150,250,400,550,3200,3400,4100,63937,26759,72,103.12407244751608,51.41346999880625,4053.5133570010657,3836.717362403616
1785398044,120,,Aggregated,621.300000,286.400000,73,81,91,100,150,250,390,540,2600,3400,4100,65764,27607,73,102.64547156801348,51.41346999880625,4053.5133570010657,3827.9536828660057
1785398045,120,,Aggregated,621.300000,286.400000,73,81,91,100,150,250,390,540,2600,3400,4100,65764,27607,73,102.64547156801348,51.41346999880625,4053.5133570010657,3827.9536828660057
1785398046,120,,Aggregated,621.300000,286.400000,73,81,91,100,150,250,390,540,2600,3400,4100,65764,27607,73,102.64547156801348,51.41346999880625,4053.5133570010657,3827.9536828660057
1785398047,120,,Aggregated,617.600000,295.000000,73,81,91,99,150,250,390,530,2300,3400,4100,67651,28516,73,102.07744168728992,51.41346999880625,4053.5133570010657,3815.6744024478576
1785398048,120,,Aggregated,617.600000,295.000000,73,81,91,99,150,250,390,530,2300,3400,4100,67651,28516,73,102.07744168728992,51.41346999880625,4053.5133570010657,3815.6744024478576
1785398049,120,,Aggregated,617.600000,295.000000,73,81,91,99,150,250,390,530,2300,3400,4100,67651,28516,73,102.07744168728992,51.41346999880625,4053.5133570010657,3815.6744024478576
1785398050,120,,Aggregated,623.300000,299.900000,73,81,91,99,150,240,390,520,2100,3400,4100,69491,29219,73,101.71378834847464,51.41346999880625,4053.5133570010657,3822.167014433524
1785398051,120,,Aggregated,623.300000,299.900000,73,81,91,99,150,240,390,520,2100,3400,4100,69491,29219,73,101.71378834847464,51.41346999880625,4053.5133570010657,3822.167014433524
1785398052,120,,Aggregated,623.300000,299.900000,73,81,91,99,150,240,390,520,2100,3400,4100,69491,29219,73,101.71378834847464,51.41346999880625,4053.5133570010657,3822.167014433524
1785398053,120,,Aggregated,618.300000,270.800000,72,81,90,99,150,240,380,520,2000,3400,4100,71364,29975,72,101.16602310401504,51.41346999880625,4053.5133570010657,3826.4856370158623
1785398054,120,,Aggregated,618.300000,270.800000,72,81,90,99,150,240,380,520,2000,3400,4100,71364,29975,72,101.16602310401504,51.41346999880625,4053.5133570010657,3826.4856370158623
1785398055,120,,Aggregated,618.300000,270.800000,72,81,90,99,150,240,380,520,2000,3400,4100,71364,29975,72,101.16602310401504,51.41346999880625,4053.5133570010657,3826.4856370158623
1785398056,120,,Aggregated,621.200000,263.400000,73,81,90,99,150,240,380,510,1900,3400,4100,73228,30740,73,100.72952314817937,51.41346999880625,4053.5133570010657,3827.970544054187
1785398057,120,,Aggregated,621.200000,263.400000,73,81,90,99,150,240,380,510,1900,3400,4100,73228,30740,73,100.72952314817937,51.41346999880625,4053.5133570010657,3827.970544054187
1785398058,120,,Aggregated,621.200000,263.400000,73,81,90,99,150,240,380,510,1900,3400,4100,73228,30740,73,100.72952314817937,51.41346999880625,4053.5133570010657,3827.970544054187
1785398059,120,,Aggregated,615.900000,243.900000,73,81,90,98,140,240,370,510,1800,3400,4100,75065,31380,73,100.39544496156546,51.41346999880625,4053.5133570010657,3840.057097182442
1785398060,120,,Aggregated,615.900000,243.900000,73,81,90,98,140,240,370,510,1800,3400,4100,75065,31380,73,100.39544496156546,51.41346999880625,4053.5133570010657,3840.057097182442
1785398061,120,,Aggregated,615.900000,243.900000,73,81,90,98,140,240,370,510,1800,3400,4100,75065,31380,73,100.39544496156546,51.41346999880625,4053.5133570010657,3840.057097182442
1785398062,120,,Aggregated,613.300000,234.800000,73,81,90,98,140,240,370,500,1800,3400,4100,76930,32114,73,100.03447738841638,51.41346999880625,4053.5133570010657,3843.1084232419084
1785398063,120,,Aggregated,613.300000,234.800000,73,81,90,98,140,240,370,500,1800,3400,4100,76930,32114,73,100.03447738841638,51.41346999880625,4053.5133570010657,3843.1084232419084
1785398064,120,,Aggregated,613.300000,234.800000,73,81,90,98,140,240,370,500,1800,3400,4100,76930,32114,73,100.03447738841638,51.41346999880625,4053.5133570010657,3843.1084232419084
1785398065,120,,Aggregated,609.600000,233.900000,72,81,90,98,140,240,370,500,1700,3400,4100,78698,32769,72,99.8430330233269,51.41346999880625,4053.5133570010657,3849.926084525655
1785398066,120,,Aggregated,609.600000,233.900000,72,81,90,98,140,240,370,500,1700,3400,4100,78698,32769,72,99.8430330233269,51.41346999880625,4053.5133570010657,3849.926084525655
1785398067,120,,Aggregated,609.600000,233.900000,72,81,90,98,140,240,370,500,1700,3400,4100,78698,32769,72,99.8430330233269,51.41346999880625,4053.5133570010657,3849.926084525655
1785398068,120,,Aggregated,608.600000,224.800000,73,81,90,98,140,240,370,490,1700,3400,4100,80476,33434,73,99.6850256120675,51.41346999880625,4053.5133570010657,3854.2737089318553
1785398069,120,,Aggregated,608.600000,224.800000,73,81,90,98,140,240,370,490,1700,3400,4100,80476,33434,73,99.6850256120675,51.41346999880625,4053.5133570010657,3854.2737089318553
1785398070,120,,Aggregated,608.600000,224.800000,73,81,90,98,140,240,370,490,1700,3400,4100,80476,33434,73,99.6850256120675,51.41346999880625,4053.5133570010657,3854.2737089318553
1785398071,120,,Aggregated,593.100000,220.000000,73,81,90,99,140,240,370,490,1600,3400,4100,82038,33918,73,100.06136253635854,51.41346999880625,4053.5133570010657,3868.6524903093687
1785398072,120,,Aggregated,593.100000,220.000000,73,81,90,99,140,240,370,490,1600,3400,4100,82038,33918,73,100.06136253635854,51.41346999880625,4053.5133570010657,3868.6524903093687
1785398073,120,,Aggregated,593.100000,220.000000,73,81,90,99,140,240,370,490,1600,3400,4100,82038,33918,73,100.06136253635854,51.41346999880625,4053.5133570010657,3868.6524903093687
1785398074,120,,Aggregated,571.800000,201.800000,73,82,91,99,140,240,360,490,1600,3400,4100,83870,34598,73,99.82669902850557,51.41346999880625,4053.5133570010657,3875.228126863002
1785398075,120,,Aggregated,571.800000,201.800000,73,82,91,99,140,240,360,490,1600,3400,4100,83870,34598,73,99.82669902850557,51.41346999880625,4053.5133570010657,3875.228126863002
1785398076,120,,Aggregated,571.800000,201.800000,73,82,91,99,140,240,360,490,1600,3400,4100,83870,34598,73,99.82669902850557,51.41346999880625,4053.5133570010657,3875.228126863002
1785398077,120,,Aggregated,578.100000,208.700000,73,81,90,99,140,230,360,480,1600,3400,4100,85745,35349,73,99.46825194658322,51.41346999880625,4053.5133570010657,3877.404023558225
1785398078,120,,Aggregated,578.100000,208.700000,73,81,90,99,140,230,360,480,1600,3400,4100,85745,35349,73,99.46825194658322,51.41346999880625,4053.5133570010657,3877.404023558225
1785398079,120,,Aggregated,578.100000,208.700000,73,81,90,99,140,230,360,480,1600,3400,4100,85745,35349,73,99.46825194658322,51.41346999880625,4053.5133570010657,3877.404023558225
1785398080,120,,Aggregated,583.000000,213.400000,73,81,90,98,140,230,360,480,1500,3400,4100,87598,36123,73,99.1439023912979,51.41346999880625,4053.5133570010657,3876.506130276947
1785398081,120,,Aggregated,583.000000,213.400000,73,81,90,98,140,230,360,480,1500,3400,4100,87598,36123,73,99.1439023912979,51.41346999880625,4053.5133570010657,3876.506130276947
1785398082,120,,Aggregated,583.000000,213.400000,73,81,90,98,140,230,360,480,1500,3400,4100,87598,36123,73,99.1439023912979,51.41346999880625,4053.5133570010657,3876.506130276947
1785398083,120,,Aggregated,617.100000,244.800000,73,81,90,98,140,230,360,480,1500,3400,4100,89424,36922,73,98.94967192070227,51.41346999880625,4053.5133570010657,3873.3604401502953
1785398084,120,,Aggregated,617.100000,244.800000,73,81,90,98,140,230,360,480,1500,3400,4100,89424,36922,73,98.94967192070227,51.41346999880625,4053.5133570010657,3873.3604401502953
1785398085,120,,Aggregated,617.100000,244.800000,73,81,90,98,140,230,360,480,1500,3400,4100,89424,36922,73,98.94967192070227,51.41346999880625,4053.5133570010657,3873.3604401502953
1785398086,120,,Aggregated,617.500000,257.000000,73,81,90,98,140,230,360,470,1500,3400,4100,91262,37682,73,98.7238829549089,51.41346999880625,4053.5133570010657,3873.4537595055995
1785398087,120,,Aggregated,617.500000,257.000000,73,81,90,98,140,230,360,470,1500,3400,4100,91262,37682,73,98.7238829549089,51.41346999880625,4053.5133570010657,3873.4537595055995
1785398088,120,,Aggregated,617.500000,257.000000,73,81,90,98,140,230,360,470,1500,3400,4100,91262,37682,73,98.7238829549089,51.41346999880625,4053.5133570010657,3873.4537595055995
1785398089,120,,Aggregated,611.300000,256.100000,73,82,90,98,140,230,350,470,1500,3400,4100,93031,38412,73,98.5695109773924,51.41346999880625,4053.5133570010657,3873.147251991272
1785398090,120,,Aggregated,611.300000,256.100000,73,82,90,98,140,230,350,470,1500,3400,4100,93031,38412,73,98.5695109773924,51.41346999880625,4053.5133570010657,3873.147251991272
1785398091,120,,Aggregated,611.300000,256.100000,73,82,90,98,140,230,350,470,1500,3400,4100,93031,38412,73,98.5695109773924,51.41346999880625,4053.5133570010657,3873.147251991272
1785398092,120,,Aggregated,604.800000,252.200000,73,82,91,98,140,230,350,470,1500,3400,4100,94804,39100,73,98.50893152512407,51.41346999880625,4053.5133570010657,3877.6303742458126
1785398093,120,,Aggregated,604.800000,252.200000,73,82,91,98,140,230,350,470,1500,3400,4100,94804,39100,73,98.50893152512407,51.41346999880625,4053.5133570010657,3877.6303742458126
1785398094,120,,Aggregated,604.800000,252.200000,73,82,91,98,140,230,350,470,1500,3400,4100,94804,39100,73,98.50893152512407,51.41346999880625,4053.5133570010657,3877.6303742458126
1785398095,120,,Aggregated,593.600000,238.600000,73,82,91,100,140,230,350,460,1500,3400,4100,96366,39641,73,98.82961831801414,51.41346999880625,4053.5133570010657,3883.772596143868
1785398096,120,,Aggregated,593.600000,238.600000,73,82,91,100,140,230,350,460,1500,3400,4100,96366,39641,73,98.82961831801414,51.41346999880625,4053.5133570010657,3883.772596143868
1785398097,120,,Aggregated,593.600000,238.600000,73,82,91,100,140,230,350,460,1500,3400,4100,96366,39641,73,98.82961831801414,51.41346999880625,4053.5133570010657,3883.772596143868
1785398098,120,,Aggregated,566.400000,214.900000,73,82,92,100,140,230,350,460,1500,3400,4100,98098,40307,73,98.82799714937833,51.41346999880625,4053.5133570010657,3887.0494913250013
1785398099,120,,Aggregated,566.400000,214.900000,73,82,92,100,140,230,350,460,1500,3400,4100,98098,40307,73,98.82799714937833,51.41346999880625,4053.5133570010657,3887.0494913250013
1785398100,120,,Aggregated,566.400000,214.900000,73,82,92,100,140,230,350,460,1500,3400,4100,98098,40307,73,98.82799714937833,51.41346999880625,4053.5133570010657,3887.0494913250013
1785398101,120,,Aggregated,561.000000,209.600000,74,83,92,100,140,230,350,460,1500,3400,4100,99858,41002,74,98.80053344659167,51.41346999880625,4053.5133570010657,3888.24116245068
1785398102,120,,Aggregated,561.000000,209.600000,74,83,92,100,140,230,350,460,1500,3400,4100,99858,41002,74,98.80053344659167,51.41346999880625,4053.5133570010657,3888.24116245068
1785398103,120,,Aggregated,561.000000,209.600000,74,83,92,100,140,230,350,460,1500,3400,4100,99858,41002,74,98.80053344659167,51.41346999880625,4053.5133570010657,3888.24116245068
1785398104,120,,Aggregated,563.600000,211.800000,74,83,92,100,140,230,350,460,1500,3400,4100,101543,41641,74,98.8390689525012,51.41346999880625,4053.5133570010657,3892.3678343164966
1785398105,120,,Aggregated,563.600000,211.800000,74,83,92,100,140,230,350,460,1500,3400,4100,101543,41641,74,98.8390689525012,51.41346999880625,4053.5133570010657,3892.3678343164966
1785398106,120,,Aggregated,563.600000,211.800000,74,83,92,100,140,230,350,460,1500,3400,4100,101543,41641,74,98.8390689525012,51.41346999880625,4053.5133570010657,3892.3678343164966
1785398107,120,,Aggregated,572.000000,219.900000,74,83,92,100,140,220,350,450,1500,3400,4100,103376,42403,74,98.676749868062,51.41346999880625,4053.5133570010657,3890.7704979879277
1785398108,120,,Aggregated,572.000000,219.900000,74,83,92,100,140,220,350,450,1500,3400,4100,103376,42403,74,98.676749868062,51.41346999880625,4053.5133570010657,3890.7704979879277
1785398109,120,,Aggregated,572.000000,219.900000,74,83,92,100,140,220,350,450,1500,3400,4100,103376,42403,74,98.676749868062,51.41346999880625,4053.5133570010657,3890.7704979879277
1785398110,120,,Aggregated,586.000000,231.400000,74,83,93,100,140,220,350,450,1500,3400,4100,105051,42925,74,98.73755214863067,51.41346999880625,4053.5133570010657,3902.2140293762077
1785398111,120,,Aggregated,586.000000,231.400000,74,83,93,100,140,220,350,450,1500,3400,4100,105051,42925,74,98.73755214863067,51.41346999880625,4053.5133570010657,3902.2140293762077
1785398112,120,,Aggregated,586.000000,231.400000,74,83,93,100,140,220,350,450,1500,3400,4100,105051,42925,74,98.73755214863067,51.41346999880625,4053.5133570010657,3902.2140293762077
1785398113,120,,Aggregated,574.400000,207.300000,74,83,93,100,140,220,350,450,1400,3400,4100,106822,43519,74,98.7046261261612,51.41346999880625,4053.5133570010657,3911.627988616577
1785398114,120,,Aggregated,574.400000,207.300000,74,83,93,100,140,220,350,450,1400,3400,4100,106822,43519,74,98.7046261261612,51.41346999880625,4053.5133570010657,3911.627988616577
1785398115,120,,Aggregated,574.400000,207.300000,74,83,93,100,140,220,350,450,1400,3400,4100,106822,43519,74,98.7046261261612,51.41346999880625,4053.5133570010657,3911.627988616577
1785398116,120,,Aggregated,588.300000,211.400000,74,83,93,100,140,220,340,450,1400,3400,4100,108673,44246,74,98.46978855314357,51.41346999880625,4053.5133570010657,3912.703385385514
1785398117,120,,Aggregated,588.300000,211.400000,74,83,93,100,140,220,340,450,1400,3400,4100,108673,44246,74,98.46978855314357,51.41346999880625,4053.5133570010657,3912.703385385514
1785398118,120,,Aggregated,588.300000,211.400000,74,83,93,100,140,220,340,450,1400,3400,4100,108673,44246,74,98.46978855314357,51.41346999880625,4053.5133570010657,3912.703385385514
1785398119,120,,Aggregated,588.200000,207.000000,74,83,92,100,140,220,340,450,1500,3400,4100,110459,44954,74,98.38230509598868,51.41346999880625,4053.5133570010657,3916.324382802669
1785398120,120,,Aggregated,588.200000,207.000000,74,83,92,100,140,220,340,450,1500,3400,4100,110459,44954,74,98.38230509598868,51.41346999880625,4053.5133570010657,3916.324382802669
1785398121,120,,Aggregated,588.200000,207.000000,74,83,92,100,140,220,340,450,1500,3400,4100,110459,44954,74,98.38230509598868,51.41346999880625,4053.5133570010657,3916.324382802669
1785398122,120,,Aggregated,597.700000,222.300000,74,83,92,100,140,220,340,440,1500,3400,4100,112358,45725,74,98.11744123294086,51.41346999880625,4053.5133570010657,3916.5190818633296
1785398123,120,,Aggregated,597.700000,222.300000,74,83,92,100,140,220,340,440,1500,3400,4100,112358,45725,74,98.11744123294086,51.41346999880625,4053.5133570010657,3916.5190818633296
1785398124,120,,Aggregated,597.700000,222.300000,74,83,92,100,140,220,340,440,1500,3400,4100,112358,45725,74,98.11744123294086,51.41346999880625,4053.5133570010657,3916.5190818633296
1785398125,120,,Aggregated,612.800000,243.200000,74,83,92,100,140,220,340,440,1400,3400,4100,114022,46282,74,98.21454493443149,51.41346999880625,4053.5133570010657,3924.1418848994053
1785398126,120,,Aggregated,612.800000,243.200000,74,83,92,100,140,220,340,440,1400,3400,4100,114022,46282,74,98.21454493443149,51.41346999880625,4053.5133570010657,3924.1418848994053
1785398127,120,,Aggregated,612.800000,243.200000,74,83,92,100,140,220,340,440,1400,3400,4100,114022,46282,74,98.21454493443149,51.41346999880625,4053.5133570010657,3924.1418848994053
1785398128,120,,Aggregated,596.300000,228.300000,74,83,92,100,140,220,340,440,1500,3400,4100,115865,47028,74,98.12216441435969,51.41346999880625,4053.5133570010657,3925.248133603763
1785398129,120,,Aggregated,596.300000,228.300000,74,83,92,100,140,220,340,440,1500,3400,4100,115865,47028,74,98.12216441435969,51.41346999880625,4053.5133570010657,3925.248133603763
1785398130,120,,Aggregated,596.300000,228.300000,74,83,92,100,140,220,340,440,1500,3400,4100,115865,47028,74,98.12216441435969,51.41346999880625,4053.5133570010657,3925.248133603763
1785398131,120,,Aggregated,603.300000,232.500000,74,83,92,100,140,220,340,440,1500,3400,4100,117736,47763,74,97.87261189909403,51.41346999880625,4053.5133570010657,3926.877327240606
1785398132,120,,Aggregated,603.300000,232.500000,74,83,92,100,140,220,340,440,1500,3400,4100,117736,47763,74,97.87261189909403,51.41346999880625,4053.5133570010657,3926.877327240606
1785398133,120,,Aggregated,603.300000,232.500000,74,83,92,100,140,220,340,440,1500,3400,4100,117736,47763,74,97.87261189909403,51.41346999880625,4053.5133570010657,3926.877327240606
1785398134,120,,Aggregated,603.300000,230.300000,74,83,92,100,140,220,340,440,1400,3400,4100,119644,48532,74,97.61458202949397,51.41346999880625,4053.5133570010657,3927.0695479923775
1785398135,120,,Aggregated,603.300000,230.300000,74,83,92,100,140,220,340,440,1400,3400,4100,119644,48532,74,97.61458202949397,51.41346999880625,4053.5133570010657,3927.0695479923775
1785398136,120,,Aggregated,603.300000,230.300000,74,83,92,100,140,220,340,440,1400,3400,4100,119644,48532,74,97.61458202949397,51.41346999880625,4053.5133570010657,3927.0695479923775
1785398137,120,,Aggregated,621.100000,248.700000,74,83,92,100,140,220,340,440,1400,3400,4100,121500,49304,74,97.4242098955542,51.41346999880625,4053.5133570010657,3926.0607325102883
1785398138,120,,Aggregated,621.100000,248.700000,74,83,92,100,140,220,340,440,1400,3400,4100,121500,49304,74,97.4242098955542,51.41346999880625,4053.5133570010657,3926.0607325102883
1785398139,120,,Aggregated,621.100000,248.700000,74,83,92,100,140,220,340,440,1400,3400,4100,121500,49304,74,97.4242098955542,51.41346999880625,4053.5133570010657,3926.0607325102883
1785398140,120,,Aggregated,623.000000,251.400000,74,83,92,100,140,220,330,430,1400,3400,4100,123324,50014,74,97.28069949841792,51.41346999880625,4053.5133570010657,3927.6170412896113
1785398141,120,,Aggregated,623.000000,251.400000,74,83,92,100,140,220,330,430,1400,3400,4100,123324,50014,74,97.28069949841792,51.41346999880625,4053.5133570010657,3927.6170412896113
1785398142,120,,Aggregated,623.000000,251.400000,74,83,92,100,140,220,330,430,1400,3400,4100,123324,50014,74,97.28069949841792,51.41346999880625,4053.5133570010657,3927.6170412896113
1785398143,120,,Aggregated,619.700000,251.000000,74,83,92,100,140,220,330,430,1400,3400,4100,125137,50725,74,97.14226564121661,51.41346999880625,4053.5133570010657,3928.8015055499172
1785398144,120,,Aggregated,619.700000,251.000000,74,83,92,100,140,220,330,430,1400,3400,4100,125137,50725,74,97.14226564121661,51.41346999880625,4053.5133570010657,3928.8015055499172
1785398145,120,,Aggregated,619.700000,251.000000,74,83,92,100,140,220,330,430,1400,3400,4100,125137,50725,74,97.14226564121661,51.41346999880625,4053.5133570010657,3928.8015055499172
1785398146,120,,Aggregated,614.900000,247.200000,74,83,92,99,140,210,330,430,1400,3400,4100,127039,51530,74,96.93609803001341,51.41346999880625,4053.5133570010657,3926.2281267957082
1785398147,120,,Aggregated,614.900000,247.200000,74,83,92,99,140,210,330,430,1400,3400,4100,127039,51530,74,96.93609803001341,51.41346999880625,4053.5133570010657,3926.2281267957082
1785398148,120,,Aggregated,614.900000,247.200000,74,83,92,99,140,210,330,430,1400,3400,4100,127039,51530,74,96.93609803001341,51.41346999880625,4053.5133570010657,3926.2281267957082
1785398149,120,,Aggregated,615.000000,248.000000,74,83,92,99,140,210,330,430,1400,3400,4100,128866,52287,74,96.80206517450708,51.41346999880625,4053.5133570010657,3925.7035913274253
1785398150,120,,Aggregated,615.000000,248.000000,74,83,92,99,140,210,330,430,1400,3400,4100,128866,52287,74,96.80206517450708,51.41346999880625,4053.5133570010657,3925.7035913274253
1785398151,120,,Aggregated,615.000000,248.000000,74,83,92,99,140,210,330,430,1400,3400,4100,128866,52287,74,96.80206517450708,51.41346999880625,4053.5133570010657,3925.7035913274253
1785398152,120,,Aggregated,619.100000,254.100000,74,83,91,99,140,210,330,430,1400,3400,4100,130739,53078,74,96.62545211555897,51.41346999880625,4053.5133570010657,3923.53846977566
1785398153,120,,Aggregated,619.100000,254.100000,74,83,91,99,140,210,330,430,1400,3400,4100,130739,53078,74,96.62545211555897,51.41346999880625,4053.5133570010657,3923.53846977566
1785398154,120,,Aggregated,619.100000,254.100000,74,83,91,99,140,210,330,430,1400,3400,4100,130739,53078,74,96.62545211555897,51.41346999880625,4053.5133570010657,3923.53846977566
1785398155,120,,Aggregated,621.800000,260.200000,74,82,91,99,140,210,330,430,1400,3400,4100,132636,53898,74,96.40959551835164,51.41346999880625,4053.5133570010657,3921.363943424108
1785398156,120,,Aggregated,621.800000,260.200000,74,82,91,99,140,210,330,430,1400,3400,4100,132636,53898,74,96.40959551835164,51.41346999880625,4053.5133570010657,3921.363943424108
1785398157,120,,Aggregated,621.800000,260.200000,74,82,91,99,140,210,330,430,1400,3400,4100,132636,53898,74,96.40959551835164,51.41346999880625,4053.5133570010657,3921.363943424108
1785398158,120,,Aggregated,620.700000,264.900000,74,83,91,99,140,210,330,420,1400,3400,4100,134458,54694,74,96.30515032492004,51.41346999880625,4053.5133570010657,3918.681610614467
1785398159,120,,Aggregated,620.700000,264.900000,74,83,91,99,140,210,330,420,1400,3400,4100,134458,54694,74,96.30515032492004,51.41346999880625,4053.5133570010657,3918.681610614467
1785398160,120,,Aggregated,620.700000,264.900000,74,83,91,99,140,210,330,420,1400,3400,4100,134458,54694,74,96.30515032492004,51.41346999880625,4053.5133570010657,3918.681610614467
1785398161,120,,Aggregated,617.500000,266.000000,74,83,91,99,140,210,330,420,1400,3400,4100,136199,55436,74,96.29348287885468,51.41346999880625,4053.5133570010657,3917.225809293754
1785398162,120,,Aggregated,617.500000,266.000000,74,83,91,99,140,210,330,420,1400,3400,4100,136199,55436,74,96.29348287885468,51.41346999880625,4053.5133570010657,3917.225809293754
1785398163,120,,Aggregated,617.500000,266.000000,74,83,91,99,140,210,330,420,1400,3400,4100,136199,55436,74,96.29348287885468,51.41346999880625,4053.5133570010657,3917.225809293754
1785398164,120,,Aggregated,602.800000,252.500000,74,83,91,99,140,210,330,420,1300,3400,4100,138005,56117,74,96.23499680775433,51.41346999880625,4053.5133570010657,3920.4546791782905
1785398165,120,,Aggregated,602.800000,252.500000,74,83,91,99,140,210,330,420,1300,3400,4100,138005,56117,74,96.23499680775433,51.41346999880625,4053.5133570010657,3920.4546791782905
1785398166,120,,Aggregated,602.800000,252.500000,74,83,91,99,140,210,330,420,1300,3400,4100,138005,56117,74,96.23499680775433,51.41346999880625,4053.5133570010657,3920.4546791782905
1785398167,120,,Aggregated,604.900000,255.200000,74,82,91,99,140,210,330,420,1300,3400,4100,139931,57025,74,95.97636647915839,51.41346999880625,4053.5133570010657,3914.4226440174084
1785398168,120,,Aggregated,604.900000,255.200000,74,82,91,99,140,210,330,420,1300,3400,4100,139931,57025,74,95.97636647915839,51.41346999880625,4053.5133570010657,3914.4226440174084
1785398169,120,,Aggregated,604.900000,255.200000,74,82,91,99,140,210,330,420,1300,3400,4100,139931,57025,74,95.97636647915839,51.41346999880625,4053.5133570010657,3914.4226440174084
1785398170,120,,Aggregated,611.400000,261.300000,73,82,91,99,140,210,320,420,1300,3400,4100,141838,57898,73,95.75242475850654,51.41346999880625,4053.5133570010657,3909.705706510244
1785398171,120,,Aggregated,611.400000,261.300000,73,82,91,99,140,210,320,420,1300,3400,4100,141838,57898,73,95.75242475850654,51.41346999880625,4053.5133570010657,3909.705706510244
1785398172,120,,Aggregated,611.400000,261.300000,73,82,91,99,140,210,320,420,1300,3400,4100,141838,57898,73,95.75242475850654,51.41346999880625,4053.5133570010657,3909.705706510244
1785398173,120,,Aggregated,626.500000,271.100000,74,82,91,99,140,210,320,410,1300,3400,4100,143630,58669,74,95.68253870497963,51.41346999880625,4053.5133570010657,3907.4111745457076
1785398174,120,,Aggregated,626.500000,271.100000,74,82,91,99,140,210,320,410,1300,3400,4100,143630,58669,74,95.68253870497963,51.41346999880625,4053.5133570010657,3907.4111745457076
1785398175,120,,Aggregated,626.500000,271.100000,74,82,91,99,140,210,320,410,1300,3400,4100,143630,58669,74,95.68253870497963,51.41346999880625,4053.5133570010657,3907.4111745457076
1785398176,120,,Aggregated,624.300000,275.700000,74,82,91,99,140,210,320,410,1300,3400,4100,145462,59314,74,95.61172673804253,51.41346999880625,4053.5133570010657,3912.4312328993137
1785398177,120,,Aggregated,624.300000,275.700000,74,82,91,99,140,210,320,410,1300,3400,4100,145462,59314,74,95.61172673804253,51.41346999880625,4053.5133570010657,3912.4312328993137
1785398178,120,,Aggregated,624.300000,275.700000,74,82,91,99,140,210,320,410,1300,3400,4100,145462,59314,74,95.61172673804253,51.41346999880625,4053.5133570010657,3912.4312328993137
1785398179,120,,Aggregated,615.000000,255.400000,74,82,91,99,130,210,320,410,1300,3400,4100,147307,60112,74,95.48637767893733,51.41346999880625,4053.5133570010657,3910.6886434453218
1785398180,120,,Aggregated,615.000000,255.400000,74,82,91,99,130,210,320,410,1300,3400,4100,147307,60112,74,95.48637767893733,51.41346999880625,4053.5133570010657,3910.6886434453218
1785398181,120,,Aggregated,615.000000,255.400000,74,82,91,99,130,210,320,410,1300,3400,4100,147307,60112,74,95.48637767893733,51.41346999880625,4053.5133570010657,3910.6886434453218
1785398182,120,,Aggregated,605.300000,246.200000,74,82,91,99,130,210,320,410,1300,3400,4100,149112,60872,74,95.43687991788862,51.41346999880625,4053.5133570010657,3909.3899484950907
1785398183,120,,Aggregated,605.300000,246.200000,74,82,91,99,130,210,320,410,1300,3400,4100,149112,60872,74,95.43687991788862,51.41346999880625,4053.5133570010657,3909.3899484950907
1785398184,120,,Aggregated,605.300000,246.200000,74,82,91,99,130,210,320,410,1300,3400,4100,149112,60872,74,95.43687991788862,51.41346999880625,4053.5133570010657,3909.3899484950907
1785398185,120,,Aggregated,597.800000,235.600000,74,83,92,99,140,210,320,410,1300,3400,4100,150701,61338,74,95.67396847465051,51.41346999880625,4053.5133570010657,3917.6865316089475
1785398186,120,,Aggregated,597.800000,235.600000,74,83,92,99,140,210,320,410,1300,3400,4100,150701,61338,74,95.67396847465051,51.41346999880625,4053.5133570010657,3917.6865316089475
1785398187,120,,Aggregated,597.800000,235.600000,74,83,92,99,140,210,320,410,1300,3400,4100,150701,61338,74,95.67396847465051,51.41346999880625,4053.5133570010657,3917.6865316089475
1785398188,120,,Aggregated,572.600000,216.600000,74,83,92,99,140,210,320,410,1300,3400,4100,152378,61844,74,95.78231147500463,51.41346999880625,4053.5133570010657,3926.3741222486187
1785398189,120,,Aggregated,572.600000,216.600000,74,83,92,99,140,210,320,410,1300,3400,4100,152378,61844,74,95.78231147500463,51.41346999880625,4053.5133570010657,3926.3741222486187
1785398190,120,,Aggregated,572.600000,216.600000,74,83,92,99,140,210,320,410,1300,3400,4100,152378,61844,74,95.78231147500463,51.41346999880625,4053.5133570010657,3926.3741222486187
1785398191,120,,Aggregated,569.700000,195.900000,74,83,92,99,140,210,320,410,1300,3400,4100,154283,62556,74,95.59506020224023,51.41346999880625,4053.5133570010657,3929.1418886072997
1785398192,120,,Aggregated,569.700000,195.900000,74,83,92,99,140,210,320,410,1300,3400,4100,154283,62556,74,95.59506020224023,51.41346999880625,4053.5133570010657,3929.1418886072997
1785398193,120,,Aggregated,569.700000,195.900000,74,83,92,99,140,210,320,410,1300,3400,4100,154283,62556,74,95.59506020224023,51.41346999880625,4053.5133570010657,3929.1418886072997
1785398195,120,,Aggregated,577.700000,191.200000,74,83,91,99,140,210,320,410,1300,3400,4100,156172,63255,74,95.45568893964526,51.41346999880625,4053.5133570010657,3932.106824526804
1785398196,120,,Aggregated,577.700000,191.200000,74,83,91,99,140,210,320,410,1300,3400,4100,156172,63255,74,95.45568893964526,51.41346999880625,4053.5133570010657,3932.106824526804
1785398197,120,,Aggregated,577.700000,191.200000,74,83,91,99,140,210,320,410,1300,3400,4100,156172,63255,74,95.45568893964526,51.41346999880625,4053.5133570010657,3932.106824526804
1785398198,120,,Aggregated,613.200000,217.800000,74,82,91,99,140,210,320,400,1300,3400,4100,158041,64006,74,95.29715973224185,51.41346999880625,4053.5133570010657,3932.5538626052735
1785398199,120,,Aggregated,613.200000,217.800000,74,82,91,99,140,210,320,400,1300,3400,4100,158041,64006,74,95.29715973224185,51.41346999880625,4053.5133570010657,3932.5538626052735
1785398200,120,,Aggregated,613.200000,217.800000,74,82,91,99,140,210,320,400,1300,3400,4100,158041,64006,74,95.29715973224185,51.41346999880625,4053.5133570010657,3932.5538626052735
1785398201,120,,Aggregated,625.400000,238.200000,74,83,91,99,140,210,320,400,1300,3400,4100,159770,64715,74,95.34735298732659,51.41346999880625,4053.5133570010657,3932.3273267822497
1785398202,120,,Aggregated,625.400000,238.200000,74,83,91,99,140,210,320,400,1300,3400,4100,159770,64715,74,95.34735298732659,51.41346999880625,4053.5133570010657,3932.3273267822497
1785398203,120,,Aggregated,625.400000,238.200000,74,83,91,99,140,210,320,400,1300,3400,4100,159770,64715,74,95.34735298732659,51.41346999880625,4053.5133570010657,3932.3273267822497
1785398204,120,,Aggregated,611.600000,246.100000,74,83,91,99,140,210,320,400,1300,3400,4100,161600,65602,74,95.24751893461108,51.41346999880625,4053.5133570010657,3925.494474009901
1785398205,120,,Aggregated,611.600000,246.100000,74,83,91,99,140,210,320,400,1300,3400,4100,161600,65602,74,95.24751893461108,51.41346999880625,4053.5133570010657,3925.494474009901
1785398206,120,,Aggregated,611.600000,246.100000,74,83,91,99,140,210,320,400,1300,3400,4100,161600,65602,74,95.24751893461108,51.41346999880625,4053.5133570010657,3925.494474009901
1785398207,120,,Aggregated,605.700000,262.400000,74,83,91,99,140,210,320,400,1300,3400,4100,163448,66516,74,95.1616288914835,51.41346999880625,4053.5133570010657,3920.4508039254074
1785398208,120,,Aggregated,605.700000,262.400000,74,83,91,99,140,210,320,400,1300,3400,4100,163448,66516,74,95.1616288914835,51.41346999880625,4053.5133570010657,3920.4508039254074
1785398209,120,,Aggregated,605.700000,262.400000,74,83,91,99,140,210,320,400,1300,3400,4100,163448,66516,74,95.1616288914835,51.41346999880625,4053.5133570010657,3920.4508039254074
1785398210,120,,Aggregated,605.600000,279.600000,74,83,91,99,130,200,320,400,1300,3400,4100,165348,67442,74,95.0167382606213,51.41346999880625,4053.5133570010657,3913.6964160437383
1785398211,120,,Aggregated,605.600000,279.600000,74,83,91,99,130,200,320,400,1300,3400,4100,165348,67442,74,95.0167382606213,51.41346999880625,4053.5133570010657,3913.6964160437383
1785398212,120,,Aggregated,605.600000,279.600000,74,83,91,99,130,200,320,400,1300,3400,4100,165348,67442,74,95.0167382606213,51.41346999880625,4053.5133570010657,3913.6964160437383
1785398213,120,,Aggregated,614.800000,296.400000,74,82,91,99,130,200,310,400,1300,3400,4100,167207,68330,74,94.87581932229699,51.41346999880625,4053.5133570010657,3907.7411472007752
1785398214,120,,Aggregated,614.800000,296.400000,74,82,91,99,130,200,310,400,1300,3400,4100,167207,68330,74,94.87581932229699,51.41346999880625,4053.5133570010657,3907.7411472007752
1785398215,120,,Aggregated,614.800000,296.400000,74,82,91,99,130,200,310,400,1300,3400,4100,167207,68330,74,94.87581932229699,51.41346999880625,4053.5133570010657,3907.7411472007752
1785398216,120,,Aggregated,618.100000,299.300000,74,82,91,99,130,200,310,400,1300,3400,4100,169127,69216,74,94.70056437514002,51.41346999880625,4053.5133570010657,3903.772697440385
1785398217,120,,Aggregated,618.100000,299.300000,74,82,91,99,130,200,310,400,1300,3400,4100,169127,69216,74,94.70056437514002,51.41346999880625,4053.5133570010657,3903.772697440385
1785398218,120,,Aggregated,618.100000,299.300000,74,82,91,99,130,200,310,400,1300,3400,4100,169127,69216,74,94.70056437514002,51.41346999880625,4053.5133570010657,3903.772697440385
1785398219,120,,Aggregated,629.800000,300.000000,73,82,91,98,130,200,310,390,1300,3400,4100,171107,70255,73,94.45702616718363,51.41346999880625,4053.5133570010657,3894.244198074889
1785398220,120,,Aggregated,629.800000,300.000000,73,82,91,98,130,200,310,390,1300,3400,4100,171107,70255,73,94.45702616718363,51.41346999880625,4053.5133570010657,3894.244198074889
1785398221,120,,Aggregated,629.800000,300.000000,73,82,91,98,130,200,310,390,1300,3400,4100,171107,70255,73,94.45702616718363,51.41346999880625,4053.5133570010657,3894.244198074889
1785398222,120,,Aggregated,642.000000,315.600000,73,82,91,98,130,200,310,390,1300,3400,4100,173018,71222,73,94.28904556474116,51.41346999880625,4053.5133570010657,3886.7349235339675
1785398223,120,,Aggregated,642.000000,315.600000,73,82,91,98,130,200,310,390,1300,3400,4100,173018,71222,73,94.28904556474116,51.41346999880625,4053.5133570010657,3886.7349235339675
1785398224,120,,Aggregated,642.000000,315.600000,73,82,91,98,130,200,310,390,1300,3400,4100,173018,71222,73,94.28904556474116,51.41346999880625,4053.5133570010657,3886.7349235339675
1785398225,120,,Aggregated,645.100000,321.500000,73,82,91,98,130,200,310,390,1300,3400,4100,174931,72206,73,94.1307987161479,51.41346999880625,4053.5133570010657,3878.2829687133785
1785398226,120,,Aggregated,645.100000,321.500000,73,82,91,98,130,200,310,390,1300,3400,4100,174931,72206,73,94.1307987161479,51.41346999880625,4053.5133570010657,3878.2829687133785
1785398227,120,,Aggregated,645.100000,321.500000,73,82,91,98,130,200,310,390,1300,3400,4100,174931,72206,73,94.1307987161479,51.41346999880625,4053.5133570010657,3878.2829687133785
1785398228,120,,Aggregated,646.700000,333.800000,73,82,90,98,130,200,310,390,1300,3400,4100,176837,73178,73,93.97644063169737,51.41346999880625,4053.5133570010657,3871.2748746020347
1785398229,120,,Aggregated,646.700000,333.800000,73,82,90,98,130,200,310,390,1300,3400,4100,176837,73178,73,93.97644063169737,51.41346999880625,4053.5133570010657,3871.2748746020347
1785398230,120,,Aggregated,646.700000,333.800000,73,82,90,98,130,200,310,390,1300,3400,4100,176837,73178,73,93.97644063169737,51.41346999880625,4053.5133570010657,3871.2748746020347
1785398231,120,,Aggregated,637.200000,325.300000,73,82,90,98,130,200,310,390,1300,3400,4100,178686,73930,73,93.8883640598613,51.41346999880625,4053.5133570010657,3871.4736800868563
1785398232,120,,Aggregated,637.200000,325.300000,73,82,90,98,130,200,310,390,1300,3400,4100,178686,73930,73,93.8883640598613,51.41346999880625,4053.5133570010657,3871.4736800868563
1785398233,120,,Aggregated,637.200000,325.300000,73,82,90,98,130,200,310,390,1300,3400,4100,178686,73930,73,93.8883640598613,51.41346999880625,4053.5133570010657,3871.4736800868563
1785398234,120,,Aggregated,630.500000,297.600000,73,82,90,98,130,200,310,390,1300,3400,4100,180539,74706,73,93.795639735201,51.41346999880625,4053.5133570010657,3870.9307296484417
1785398235,120,,Aggregated,630.500000,297.600000,73,82,90,98,130,200,310,390,1300,3400,4100,180539,74706,73,93.795639735201,51.41346999880625,4053.5133570010657,3870.9307296484417
1785398236,120,,Aggregated,630.500000,297.600000,73,82,90,98,130,200,310,390,1300,3400,4100,180539,74706,73,93.795639735201,51.41346999880625,4053.5133570010657,3870.9307296484417
1785398237,120,,Aggregated,624.300000,279.800000,73,82,90,97,130,200,310,390,1300,3400,4100,182446,75566,73,93.66172223824817,51.41346999880625,4053.5133570010657,3867.9268112208542
1785398238,120,,Aggregated,624.300000,279.800000,73,82,90,97,130,200,310,390,1300,3400,4100,182446,75566,73,93.66172223824817,51.41346999880625,4053.5133570010657,3867.9268112208542
1785398239,120,,Aggregated,624.300000,279.800000,73,82,90,97,130,200,310,390,1300,3400,4100,182446,75566,73,93.66172223824817,51.41346999880625,4053.5133570010657,3867.9268112208542
1785398240,120,,Aggregated,625.500000,270.500000,73,82,90,97,130,200,310,390,1300,3400,4100,184294,76386,73,93.5860583435568,51.41346999880625,4053.5133570010657,3866.8996928820256
1785398241,120,,Aggregated,625.500000,270.500000,73,82,90,97,130,200,310,390,1300,3400,4100,184294,76386,73,93.5860583435568,51.41346999880625,4053.5133570010657,3866.8996928820256
1785398242,120,,Aggregated,625.500000,270.500000,73,82,90,97,130,200,310,390,1300,3400,4100,184294,76386,73,93.5860583435568,51.41346999880625,4053.5133570010657,3866.8996928820256
1785398243,120,,Aggregated,621.900000,266.600000,73,82,90,97,130,200,310,390,1300,3400,4100,186147,77156,73,93.49508234343504,51.41346999880625,4053.5133570010657,3867.458530086437
1785398244,120,,Aggregated,621.900000,266.600000,73,82,90,97,130,200,310,390,1300,3400,4100,186147,77156,73,93.49508234343504,51.41346999880625,4053.5133570010657,3867.458530086437
1785398245,120,,Aggregated,621.900000,266.600000,73,82,90,97,130,200,310,390,1300,3400,4100,186147,77156,73,93.49508234343504,51.41346999880625,4053.5133570010657,3867.458530086437
1785398246,120,,Aggregated,625.900000,274.000000,73,82,90,97,130,200,310,380,1300,3400,4100,188041,77906,73,93.37353059103313,51.41346999880625,4053.5133570010657,3869.231816465558
1785398247,120,,Aggregated,625.900000,274.000000,73,82,90,97,130,200,310,380,1300,3400,4100,188041,77906,73,93.37353059103313,51.41346999880625,4053.5133570010657,3869.231816465558
1785398248,120,,Aggregated,625.900000,274.000000,73,82,90,97,130,200,310,380,1300,3400,4100,188041,77906,73,93.37353059103313,51.41346999880625,4053.5133570010657,3869.231816465558
1785398249,120,,Aggregated,624.400000,263.500000,73,82,90,97,130,200,310,380,1300,3400,4100,189867,78724,73,93.36599107984779,51.41346999880625,4053.5133570010657,3868.1064850658618
1785398250,120,,Aggregated,624.400000,263.500000,73,82,90,97,130,200,310,380,1300,3400,4100,189867,78724,73,93.36599107984779,51.41346999880625,4053.5133570010657,3868.1064850658618
1785398251,120,,Aggregated,624.400000,263.500000,73,82,90,97,130,200,310,380,1300,3400,4100,189867,78724,73,93.36599107984779,51.41346999880625,4053.5133570010657,3868.1064850658618
1785398252,120,,Aggregated,621.300000,261.200000,73,82,90,97,130,200,310,380,1300,3400,4100,191714,79433,73,93.29157032720875,51.41346999880625,4053.5133570010657,3869.741698571831
1785398253,120,,Aggregated,621.300000,261.200000,73,82,90,97,130,200,310,380,1300,3400,4100,191714,79433,73,93.29157032720875,51.41346999880625,4053.5133570010657,3869.741698571831
1785398254,120,,Aggregated,621.300000,261.200000,73,82,90,97,130,200,310,380,1300,3400,4100,191714,79433,73,93.29157032720875,51.41346999880625,4053.5133570010657,3869.741698571831
1785398255,120,,Aggregated,617.900000,252.200000,73,81,90,97,130,200,310,380,1300,3400,4100,193575,80194,73,93.20035524108702,51.41346999880625,4053.5133570010657,3870.3065426837143
1785398256,120,,Aggregated,617.900000,252.200000,73,81,90,97,130,200,310,380,1300,3400,4100,193575,80194,73,93.20035524108702,51.41346999880625,4053.5133570010657,3870.3065426837143
1785398257,120,,Aggregated,617.900000,252.200000,73,81,90,97,130,200,310,380,1300,3400,4100,193575,80194,73,93.20035524108702,51.41346999880625,4053.5133570010657,3870.3065426837143
1785398258,120,,Aggregated,616.200000,254.500000,73,81,89,97,130,200,310,380,1300,3400,4100,195510,81053,73,93.06026587476057,51.41346999880625,4053.5133570010657,3868.21596849266
1785398259,120,,Aggregated,616.200000,254.500000,73,81,89,97,130,200,310,380,1300,3400,4100,195510,81053,73,93.06026587476057,51.41346999880625,4053.5133570010657,3868.21596849266
1785398260,120,,Aggregated,616.200000,254.500000,73,81,89,97,130,200,310,380,1300,3400,4100,195510,81053,73,93.06026587476057,51.41346999880625,4053.5133570010657,3868.21596849266
1785398261,120,,Aggregated,627.300000,260.700000,73,81,89,96,130,200,310,380,1300,3400,4100,197383,81845,73,92.94040967898127,51.41346999880625,4053.5133570010657,3867.4484428750197
1785398262,120,,Aggregated,627.300000,260.700000,73,81,89,96,130,200,310,380,1300,3400,4100,197383,81845,73,92.94040967898127,51.41346999880625,4053.5133570010657,3867.4484428750197
1785398263,120,,Aggregated,627.300000,260.700000,73,81,89,96,130,200,310,380,1300,3400,4100,197383,81845,73,92.94040967898127,51.41346999880625,4053.5133570010657,3867.4484428750197
1785398264,120,,Aggregated,626.300000,264.600000,73,81,89,96,130,200,310,380,1300,3400,4100,199210,82572,73,92.90707769018789,51.41346999880625,4053.5133570010657,3868.291667084986
1785398265,120,,Aggregated,626.300000,264.600000,73,81,89,96,130,200,310,380,1300,3400,4100,199210,82572,73,92.90707769018789,51.41346999880625,4053.5133570010657,3868.291667084986
1785398266,120,,Aggregated,626.300000,264.600000,73,81,89,96,130,200,310,380,1300,3400,4100,199210,82572,73,92.90707769018789,51.41346999880625,4053.5133570010657,3868.291667084986
1785398267,120,,Aggregated,624.200000,263.900000,73,81,89,96,130,190,300,380,1300,3400,4100,201083,83368,73,92.80412759701868,51.41346999880625,4053.5133570010657,3867.5226249857024
1785398268,120,,Aggregated,624.200000,263.900000,73,81,89,96,130,190,300,380,1300,3400,4100,201083,83368,73,92.80412759701868,51.41346999880625,4053.5133570010657,3867.5226249857024
1785398269,120,,Aggregated,624.200000,263.900000,73,81,89,96,130,190,300,380,1300,3400,4100,201083,83368,73,92.80412759701868,51.41346999880625,4053.5133570010657,3867.5226249857024
1785398270,120,,Aggregated,620.400000,256.800000,73,81,89,96,130,190,300,380,1300,3400,4100,202956,84150,73,92.71096151329012,51.41346999880625,4053.5133570010657,3867.18215770906
1785398271,120,,Aggregated,620.400000,256.800000,73,81,89,96,130,190,300,380,1300,3400,4100,202956,84150,73,92.71096151329012,51.41346999880625,4053.5133570010657,3867.18215770906
1785398272,120,,Aggregated,620.400000,256.800000,73,81,89,96,130,190,300,380,1300,3400,4100,202956,84150,73,92.71096151329012,51.41346999880625,4053.5133570010657,3867.18215770906
1785398273,120,,Aggregated,617.800000,254.800000,73,81,89,96,130,190,300,380,1300,3400,4100,204833,84935,73,92.60408474992445,51.41346999880625,4053.5133570010657,3866.8946800564363
1785398274,120,,Aggregated,617.800000,254.800000,73,81,89,96,130,190,300,380,1300,3400,4100,204833,84935,73,92.60408474992445,51.41346999880625,4053.5133570010657,3866.8946800564363
1785398275,120,,Aggregated,617.800000,254.800000,73,81,89,96,130,190,300,380,1300,3400,4100,204833,84935,73,92.60408474992445,51.41346999880625,4053.5133570010657,3866.8946800564363
1785398276,120,,Aggregated,621.500000,260.600000,73,81,89,96,130,190,300,380,1200,3400,4100,206611,85568,73,92.61227941491593,51.41346999880625,4053.5133570010657,3870.3132505045714
1785398277,120,,Aggregated,621.500000,260.600000,73,81,89,96,130,190,300,380,1200,3400,4100,206611,85568,73,92.61227941491593,51.41346999880625,4053.5133570010657,3870.3132505045714
1785398278,120,,Aggregated,621.500000,260.600000,73,81,89,96,130,190,300,380,1200,3400,4100,206611,85568,73,92.61227941491593,51.41346999880625,4053.5133570010657,3870.3132505045714
1785398279,120,,Aggregated,612.000000,243.100000,73,81,89,97,130,200,300,380,1200,3400,4100,208180,86112,73,92.8070210647621,51.41346999880625,4053.5133570010657,3874.1121289268904
1785398280,120,,Aggregated,612.000000,243.100000,73,81,89,97,130,200,300,380,1200,3400,4100,208180,86112,73,92.8070210647621,51.41346999880625,4053.5133570010657,3874.1121289268904
1785398281,120,,Aggregated,612.000000,243.100000,73,81,89,97,130,200,300,380,1200,3400,4100,208180,86112,73,92.8070210647621,51.41346999880625,4053.5133570010657,3874.1121289268904
1785398282,120,,Aggregated,579.800000,218.500000,73,81,89,97,130,190,300,380,1200,3400,4100,209983,86800,73,92.80064740124772,51.41346999880625,4053.5133570010657,3875.446926655967
1785398283,120,,Aggregated,579.800000,218.500000,73,81,89,97,130,190,300,380,1200,3400,4100,209983,86800,73,92.80064740124772,51.41346999880625,4053.5133570010657,3875.446926655967
1785398284,120,,Aggregated,544.700000,198.800000,73,81,89,97,130,200,300,380,1200,3400,4100,210440,86936,73,92.80555230125536,51.41346999880625,4053.5133570010657,3878.150076031173
1785398285,120,,Aggregated,568.300000,207.000000,73,81,89,97,130,200,300,380,1200,3400,4100,211736,87354,73,92.82973792912496,51.41346999880625,4053.5133570010657,3880.774714739109
1785398286,120,,Aggregated,568.300000,207.000000,73,81,89,97,130,200,300,380,1200,3400,4100,211736,87354,73,92.82973792912496,51.41346999880625,4053.5133570010657,3880.774714739109
1785398287,120,,Aggregated,543.000000,190.900000,73,81,89,97,130,200,300,380,1200,3400,4100,212200,87540,73,92.82683596334248,51.41346999880625,4053.5133570010657,3881.555777568332
1785398288,120,,Aggregated,570.200000,199.900000,73,81,90,97,130,200,300,380,1200,3400,4100,213540,88052,73,92.80322935027776,51.41346999880625,4053.5133570010657,3881.995640161094
1785398289,120,,Aggregated,570.200000,199.900000,73,81,90,97,130,200,300,380,1200,3400,4100,213540,88052,73,92.80322935027776,51.41346999880625,4053.5133570010657,3881.995640161094
1785398290,120,,Aggregated,574.700000,208.900000,73,81,89,97,130,200,300,380,1200,3400,4100,214498,88397,73,92.77147459171329,51.41346999880625,4053.5133570010657,3884.8658682132236
1785398291,120,,Aggregated,592.600000,215.500000,73,81,89,97,130,200,300,380,1100,3400,4100,215313,88675,73,92.76346096324559,51.41346999880625,4053.5133570010657,3886.035111674632
1785398292,120,,Aggregated,592.600000,215.500000,73,81,89,97,130,200,300,380,1100,3400,4100,215313,88675,73,92.76346096324559,51.41346999880625,4053.5133570010657,3886.035111674632
1785398293,120,,Aggregated,593.500000,212.000000,73,81,89,96,130,200,300,380,1300,3400,4100,217075,89357,73,92.88717644741354,51.41346999880625,4053.5133570010657,3888.9703098007603
1785398294,120,,Aggregated,593.500000,212.000000,73,81,89,96,130,200,300,380,1300,3400,4100,217075,89357,73,92.88717644741354,51.41346999880625,4053.5133570010657,3888.9703098007603
1785398295,120,,Aggregated,593.500000,212.000000,73,81,89,96,130,200,300,380,1300,3400,4100,217075,89357,73,92.88717644741354,51.41346999880625,4053.5133570010657,3888.9703098007603
1785398296,120,,Aggregated,592.300000,222.000000,73,82,90,97,130,200,300,380,1200,3400,4100,218824,90114,73,92.91417827975589,51.41346999880625,4053.5133570010657,3888.242898402369
1785398297,120,,Aggregated,592.300000,222.000000,73,82,90,97,130,200,300,380,1200,3400,4100,218824,90114,73,92.91417827975589,51.41346999880625,4053.5133570010657,3888.242898402369
1785398298,120,,Aggregated,592.300000,222.000000,73,82,90,97,130,200,300,380,1200,3400,4100,218824,90114,73,92.91417827975589,51.41346999880625,4053.5133570010657,3888.242898402369
1785398299,120,,Aggregated,590.000000,235.500000,73,81,89,96,130,190,300,380,1300,3400,4100,220695,91030,73,92.8463352786393,51.41346999880625,4053.5133570010657,3884.4534629239447
1785398300,120,,Aggregated,590.000000,235.500000,73,81,89,96,130,190,300,380,1300,3400,4100,220695,91030,73,92.8463352786393,51.41346999880625,4053.5133570010657,3884.4534629239447
1785398301,120,,Aggregated,590.000000,235.500000,73,81,89,96,130,190,300,380,1300,3400,4100,220695,91030,73,92.8463352786393,51.41346999880625,4053.5133570010657,3884.4534629239447
1785398302,120,,Aggregated,597.200000,258.700000,73,81,89,96,130,190,300,380,1200,3400,4100,222588,91930,73,92.754967630152,51.41346999880625,4053.5133570010657,3880.210420148436
1785398303,120,,Aggregated,597.200000,258.700000,73,81,89,96,130,190,300,380,1200,3400,4100,222588,91930,73,92.754967630152,51.41346999880625,4053.5133570010657,3880.210420148436
1785398304,120,,Aggregated,597.200000,258.700000,73,81,89,96,130,190,300,380,1200,3400,4100,222588,91930,73,92.754967630152,51.41346999880625,4053.5133570010657,3880.210420148436
1785398305,120,,Aggregated,616.900000,286.900000,73,81,89,96,130,190,300,380,1200,3400,4100,224461,92836,73,92.65679010245555,51.41346999880625,4053.5133570010657,3875.451031582324
1785398306,120,,Aggregated,616.900000,286.900000,73,81,89,96,130,190,300,380,1200,3400,4100,224461,92836,73,92.65679010245555,51.41346999880625,4053.5133570010657,3875.451031582324
1785398307,120,,Aggregated,616.900000,286.900000,73,81,89,96,130,190,300,380,1200,3400,4100,224461,92836,73,92.65679010245555,51.41346999880625,4053.5133570010657,3875.451031582324
1785398308,120,,Aggregated,625.700000,301.000000,73,81,89,96,130,190,300,380,1200,3400,4100,226415,93837,73,92.50766314321166,51.41346999880625,4053.5133570010657,3869.3165514652296
1785398309,120,,Aggregated,625.700000,301.000000,73,81,89,96,130,190,300,380,1200,3400,4100,226415,93837,73,92.50766314321166,51.41346999880625,4053.5133570010657,3869.3165514652296
1785398310,120,,Aggregated,625.700000,301.000000,73,81,89,96,130,190,300,380,1200,3400,4100,226415,93837,73,92.50766314321166,51.41346999880625,4053.5133570010657,3869.3165514652296
1785398311,120,,Aggregated,637.300000,313.700000,73,81,89,96,130,190,300,380,1200,3400,4100,228183,94675,73,92.49201488676316,51.41346999880625,4053.5133570010657,3865.4342786272423
1785398312,120,,Aggregated,637.300000,313.700000,73,81,89,96,130,190,300,380,1200,3400,4100,228183,94675,73,92.49201488676316,51.41346999880625,4053.5133570010657,3865.4342786272423
1785398313,120,,Aggregated,637.300000,313.700000,73,81,89,96,130,190,300,380,1200,3400,4100,228183,94675,73,92.49201488676316,51.41346999880625,4053.5133570010657,3865.4342786272423
1785398314,120,,Aggregated,615.900000,299.900000,73,81,89,96,130,190,300,380,1200,3400,4100,229838,95391,73,92.63538878708596,51.41346999880625,4053.5133570010657,3864.5200837111356
1785398315,120,,Aggregated,615.900000,299.900000,73,81,89,96,130,190,300,380,1200,3400,4100,229838,95391,73,92.63538878708596,51.41346999880625,4053.5133570010657,3864.5200837111356
1785398316,120,,Aggregated,615.900000,299.900000,73,81,89,96,130,190,300,380,1200,3400,4100,229838,95391,73,92.63538878708596,51.41346999880625,4053.5133570010657,3864.5200837111356
1785398317,120,,Aggregated,600.600000,287.500000,73,81,89,96,130,190,300,370,1100,3400,4100,231798,96397,73,92.47616999450067,51.41346999880625,4053.5133570010657,3858.377751317958
1785398318,120,,Aggregated,600.600000,287.500000,73,81,89,96,130,190,300,370,1100,3400,4100,231798,96397,73,92.47616999450067,51.41346999880625,4053.5133570010657,3858.377751317958
1785398319,120,,Aggregated,600.600000,287.500000,73,81,89,96,130,190,300,370,1100,3400,4100,231798,96397,73,92.47616999450067,51.41346999880625,4053.5133570010657,3858.377751317958
1785398320,120,,Aggregated,604.600000,291.200000,73,81,89,96,130,190,300,370,1100,3400,4100,233761,97353,73,92.31807283207326,51.41346999880625,4053.5133570010657,3853.965738510701
1785398321,120,,Aggregated,604.600000,291.200000,73,81,89,96,130,190,300,370,1100,3400,4100,233761,97353,73,92.31807283207326,51.41346999880625,4053.5133570010657,3853.965738510701
1785398322,120,,Aggregated,604.600000,291.200000,73,81,89,96,130,190,300,370,1100,3400,4100,233761,97353,73,92.31807283207326,51.41346999880625,4053.5133570010657,3853.965738510701
1785398323,120,,Aggregated,617.200000,291.300000,73,81,89,96,130,190,300,370,1100,3400,4100,235721,98268,73,92.18031868677487,51.41346999880625,4053.5133570010657,3850.527823146856
1785398324,120,,Aggregated,617.200000,291.300000,73,81,89,96,130,190,300,370,1100,3400,4100,235721,98268,73,92.18031868677487,51.41346999880625,4053.5133570010657,3850.527823146856
1785398325,120,,Aggregated,617.200000,291.300000,73,81,89,96,130,190,300,370,1100,3400,4100,235721,98268,73,92.18031868677487,51.41346999880625,4053.5133570010657,3850.527823146856
1785398326,120,,Aggregated,653.600000,321.000000,73,81,89,96,130,190,300,370,1100,3400,4100,237589,98933,73,92.11378630900106,51.41346999880625,4053.5133570010657,3853.622234194344
1785398327,120,,Aggregated,653.600000,321.000000,73,81,89,96,130,190,300,370,1100,3400,4100,237589,98933,73,92.11378630900106,51.41346999880625,4053.5133570010657,3853.622234194344
1785398328,120,,Aggregated,653.600000,321.000000,73,81,89,96,130,190,300,370,1100,3400,4100,237589,98933,73,92.11378630900106,51.41346999880625,4053.5133570010657,3853.622234194344
1785398329,120,,Aggregated,638.200000,281.200000,73,81,89,96,130,190,300,370,1100,3400,4100,239456,99698,73,92.06331216871695,51.41346999880625,4053.5133570010657,3854.1938268408394
1785398330,120,,Aggregated,638.200000,281.200000,73,81,89,96,130,190,300,370,1100,3400,4100,239456,99698,73,92.06331216871695,51.41346999880625,4053.5133570010657,3854.1938268408394
1785398331,120,,Aggregated,638.200000,281.200000,73,81,89,96,130,190,300,370,1100,3400,4100,239456,99698,73,92.06331216871695,51.41346999880625,4053.5133570010657,3854.1938268408394
1785398332,120,,Aggregated,637.200000,265.700000,73,81,89,96,130,190,300,370,1100,3400,4100,241372,100504,73,91.95379973166465,51.41346999880625,4053.5133570010657,3854.415553585337
1785398333,120,,Aggregated,637.200000,265.700000,73,81,89,96,130,190,300,370,1100,3400,4100,241372,100504,73,91.95379973166465,51.41346999880625,4053.5133570010657,3854.415553585337
1785398334,120,,Aggregated,637.200000,265.700000,73,81,89,96,130,190,300,370,1100,3400,4100,241372,100504,73,91.95379973166465,51.41346999880625,4053.5133570010657,3854.415553585337
1785398335,120,,Aggregated,625.600000,245.400000,73,81,89,96,130,190,300,370,1100,3400,4100,243128,101160,73,91.9766016986582,51.41346999880625,4053.5133570010657,3856.516423447731
1785398336,120,,Aggregated,625.600000,245.400000,73,81,89,96,130,190,300,370,1100,3400,4100,243128,101160,73,91.9766016986582,51.41346999880625,4053.5133570010657,3856.516423447731
1785398337,120,,Aggregated,625.600000,245.400000,73,81,89,96,130,190,300,370,1100,3400,4100,243128,101160,73,91.9766016986582,51.41346999880625,4053.5133570010657,3856.516423447731
1785398338,120,,Aggregated,616.600000,247.000000,73,81,89,96,130,190,300,370,1100,3400,4100,244901,101865,73,91.990567535426,51.41346999880625,4053.5133570010657,3857.7329573991124
1785398339,120,,Aggregated,616.600000,247.000000,73,81,89,96,130,190,300,370,1100,3400,4100,244901,101865,73,91.990567535426,51.41346999880625,4053.5133570010657,3857.7329573991124
1785398340,120,,Aggregated,616.600000,247.000000,73,81,89,96,130,190,300,370,1100,3400,4100,244901,101865,73,91.990567535426,51.41346999880625,4053.5133570010657,3857.7329573991124
1785398341,120,,Aggregated,609.100000,244.700000,73,81,89,96,130,190,300,370,1100,3400,4100,246757,102670,73,91.92918421911997,51.41346999880625,4053.5133570010657,3857.10265970165
1785398342,120,,Aggregated,609.100000,244.700000,73,81,89,96,130,190,300,370,1100,3400,4100,246757,102670,73,91.92918421911997,51.41346999880625,4053.5133570010657,3857.10265970165
1785398343,120,,Aggregated,609.100000,244.700000,73,81,89,96,130,190,300,370,1100,3400,4100,246757,102670,73,91.92918421911997,51.41346999880625,4053.5133570010657,3857.10265970165
1785398344,120,,Aggregated,599.400000,240.500000,73,81,89,96,130,190,300,370,1100,3400,4100,248569,103422,73,91.91763225861831,51.41346999880625,4053.5133570010657,3856.398859069313
1785398345,120,,Aggregated,599.400000,240.500000,73,81,89,96,130,190,300,370,1100,3400,4100,248569,103422,73,91.91763225861831,51.41346999880625,4053.5133570010657,3856.398859069313
1785398346,120,,Aggregated,599.400000,240.500000,73,81,89,96,130,190,300,370,1100,3400,4100,248569,103422,73,91.91763225861831,51.41346999880625,4053.5133570010657,3856.398859069313
1785398347,120,,Aggregated,603.700000,250.200000,73,81,89,96,130,190,300,370,1100,3400,4100,250417,104210,73,91.8678070440405,51.41346999880625,4053.5133570010657,3855.6308836860117
1785398348,0,,Aggregated,606.600000,253.300000,73,81,89,96,130,190,300,370,1100,3400,4100,250904,104394,73,91.90136917935739,51.41346999880625,4053.5133570010657,3855.892432962408
