ts,checkout_success,browse_success,cart_success,checkout_rate,checkout_p95,browse_p95,orders_confirmed,payment_txns,checkout_slo_ok
2026-07-30T19:02:52Z,1.0,1.0,1.0,2.683349444712967,66.45831828686988,42.81492109038737,168854.0,41835.0,1
2026-07-30T19:02:58Z,1.0,1.0,1.0,2.683349444712967,66.4583182868698,42.81492109038737,168854.0,115518.0,1
2026-07-30T19:03:05Z,,,,,,,165801.0,115518.0,
2026-07-30T19:03:11Z,,,,,,,165801.0,115518.0,
2026-07-30T19:03:18Z,,,,,,,165801.0,41882.0,
2026-07-30T19:03:25Z,,,,,,,165801.0,41882.0,
2026-07-30T19:03:31Z,1.0,1.0,1.0,1.7666666666666666,49.49019607843137,41.222695035460994,165801.0,41882.0,1
2026-07-30T19:03:37Z,1.0,1.0,1.0,2.4833333333333334,49.31944444444445,41.222695035460994,165801.0,41882.0,1
2026-07-30T19:03:44Z,1.0,1.0,1.0,2.4833333333333334,49.31944444444444,41.222695035460994,165801.0,41882.0,1
2026-07-30T19:03:51Z,1.0,1.0,1.0,2.4833333333333334,49.31944444444444,41.222695035460994,168986.0,41882.0,1
2026-07-30T19:03:57Z,1.0,1.0,1.0,2.4833333333333334,49.31944444444444,41.222695035460994,168986.0,115609.0,1
2026-07-30T19:04:03Z,,,,,,,168986.0,115609.0,
2026-07-30T19:04:10Z,,,,,,,165916.0,115609.0,
2026-07-30T19:04:16Z,,,,,,,165916.0,41935.0,
2026-07-30T19:04:23Z,,,,,,,165916.0,41935.0,
2026-07-30T19:04:30Z,,,1.0,1.5833333333333333,48.817204301075265,41.592052980132436,165916.0,41935.0,
2026-07-30T19:04:36Z,1.0,1.0,1.0,2.3833333333333333,48.81428571428571,41.592052980132436,165916.0,41935.0,1
2026-07-30T19:04:42Z,1.0,1.0,1.0,2.3833333333333333,48.81428571428571,41.592052980132436,165916.0,41935.0,1
2026-07-30T19:04:49Z,1.0,1.0,1.0,2.3833333333333333,48.81428571428571,41.592052980132436,165996.0,41935.0,1
2026-07-30T19:04:56Z,1.0,1.0,1.0,2.3833333333333333,48.81428571428571,41.592052980132436,165996.0,115704.0,1
2026-07-30T19:05:03Z,,,,,,,165996.0,115704.0,
2026-07-30T19:05:09Z,,,,,,,166124.0,115704.0,
2026-07-30T19:05:16Z,,,,,,,166124.0,41988.0,
2026-07-30T19:05:23Z,,,,,,,166124.0,41988.0,
2026-07-30T19:05:30Z,,,1.0,1.4166666666666667,48.915662650602414,42.51733333333332,166124.0,41988.0,
2026-07-30T19:05:37Z,1.0,1.0,1.0,2.2666666666666666,49.15151515151515,42.51733333333332,166124.0,41988.0,1
2026-07-30T19:05:43Z,1.0,1.0,1.0,2.2666666666666666,49.15151515151515,42.51733333333332,166124.0,41988.0,1
2026-07-30T19:05:50Z,1.0,1.0,1.0,2.2666666666666666,49.15151515151515,42.51733333333332,166142.0,41988.0,1
2026-07-30T19:05:56Z,1.0,1.0,1.0,2.2666666666666666,49.15151515151515,42.51733333333332,166142.0,115794.0,1
2026-07-30T19:06:03Z,,,,,,,166142.0,115794.0,
2026-07-30T19:06:10Z,,,,,,,163285.0,115794.0,
2026-07-30T19:06:16Z,,,,,,,163285.0,42043.0,
2026-07-30T19:06:23Z,,,,,,,163285.0,42043.0,
2026-07-30T19:06:30Z,,,1.0,1.6500000000000004,49.1875,42.03679369250986,163285.0,42043.0,
2026-07-30T19:06:36Z,1.0,1.0,1.0,2.683333333333333,63.40909090909084,42.03679369250986,163285.0,42043.0,1
2026-07-30T19:06:43Z,1.0,1.0,1.0,2.683333333333333,63.40909090909084,42.03679369250986,163285.0,42043.0,1
2026-07-30T19:06:49Z,1.0,1.0,1.0,2.683333333333333,63.40909090909084,42.03679369250986,166275.0,42043.0,1
2026-07-30T19:06:55Z,1.0,1.0,1.0,2.683333333333333,63.40909090909084,42.03679369250986,166275.0,115908.0,1
2026-07-30T19:07:03Z,,,,,,,166275.0,115908.0,
2026-07-30T19:07:09Z,,,,,,,163589.0,115908.0,
2026-07-30T19:07:15Z,,,,,,,163589.0,42102.0,
2026-07-30T19:07:22Z,,,,,,,163589.0,42102.0,
2026-07-30T19:07:29Z,,,,,,,163589.0,42102.0,
2026-07-30T19:07:35Z,1.0,1.0,1.0,3.033333333333333,68.84615384615375,43.879656160458424,163589.0,42102.0,1
2026-07-30T19:07:41Z,1.0,1.0,1.0,3.033333333333333,68.84615384615381,43.879656160458424,163589.0,42102.0,1
2026-07-30T19:07:48Z,1.0,1.0,1.0,3.033333333333333,68.84615384615381,43.879656160458424,166275.0,42102.0,1
2026-07-30T19:07:55Z,1.0,1.0,1.0,3.033333333333333,68.84615384615381,43.879656160458424,166275.0,42102.0,1
2026-07-30T19:08:02Z,1.0,nan,nan,0.9,,,166275.0,116025.0,1
2026-07-30T19:08:08Z,,,,,,,163750.0,116025.0,
2026-07-30T19:08:15Z,,,,,,,163750.0,42155.0,
2026-07-30T19:08:22Z,,,,,,,163750.0,42155.0,
2026-07-30T19:08:28Z,,,,,,,163750.0,42155.0,
2026-07-30T19:08:34Z,1.0,1.0,1.0,2.666666666666666,49.73856209150327,42.84615384615385,163750.0,42155.0,1
2026-07-30T19:08:41Z,1.0,1.0,1.0,2.6666666666666665,49.73856209150326,42.84615384615385,163750.0,42155.0,1
2026-07-30T19:08:48Z,1.0,1.0,1.0,2.6666666666666665,49.73856209150327,42.84615384615385,166615.0,42155.0,1
2026-07-30T19:08:57Z,1.0,1.0,1.0,2.6666666666666665,49.73856209150327,42.84615384615385,166615.0,116137.0,1
2026-07-30T19:09:04Z,,,,,,,166615.0,116137.0,
2026-07-30T19:09:10Z,,,,,,,164261.0,116137.0,
2026-07-30T19:09:17Z,,,,,,,164261.0,42202.0,
2026-07-30T19:09:24Z,,,,,,,164261.0,42202.0,
2026-07-30T19:09:30Z,,1.0,1.0,2.1666666666666665,53.571428571428555,42.96328928046989,164261.0,42202.0,
2026-07-30T19:09:36Z,1.0,1.0,1.0,2.9166666666666665,66.34615384615383,42.96328928046989,164261.0,42202.0,1
2026-07-30T19:09:43Z,1.0,1.0,1.0,2.9166666666666665,66.34615384615383,42.96328928046989,164261.0,42202.0,1
2026-07-30T19:09:50Z,1.0,1.0,1.0,2.9166666666666665,66.34615384615383,42.96328928046989,166615.0,42202.0,1
2026-07-30T19:09:57Z,1.0,1.0,1.0,2.9166666666666665,66.34615384615383,42.96328928046989,166615.0,116260.0,1
2026-07-30T19:10:04Z,,,,,,,166615.0,116260.0,
2026-07-30T19:10:10Z,,,,,,,166955.0,116260.0,
2026-07-30T19:10:17Z,,,,,,,166955.0,42263.0,
2026-07-30T19:10:24Z,,,,,,,166955.0,42263.0,
2026-07-30T19:10:30Z,,,1.0,1.95,49.34513274336283,40.13603473227203,166955.0,42263.0,
2026-07-30T19:10:36Z,1.0,1.0,1.0,3.066648055865736,49.2808995560253,40.13603473227204,166955.0,42263.0,1
2026-07-30T19:10:43Z,1.0,1.0,1.0,3.066648055865736,49.2808995560253,40.13603473227204,166955.0,42263.0,1
2026-07-30T19:10:50Z,1.0,1.0,1.0,3.066648055865736,49.2808995560253,40.13603473227204,167003.0,42263.0,1
2026-07-30T19:10:56Z,1.0,1.0,1.0,3.066648055865736,49.2808995560253,40.13603473227204,167003.0,116386.0,1
2026-07-30T19:11:02Z,,,,,,,167003.0,116386.0,
2026-07-30T19:11:09Z,,,,,,,164902.0,116386.0,
2026-07-30T19:11:15Z,,,,,,,164902.0,42324.0,
2026-07-30T19:11:21Z,,,,,,,164902.0,42324.0,
2026-07-30T19:11:28Z,,,,,,,164902.0,42324.0,
2026-07-30T19:11:35Z,1.0,1.0,1.0,2.9166827780463005,80.83335555577777,42.0103492884864,164902.0,42324.0,1
2026-07-30T19:11:41Z,1.0,1.0,1.0,2.9166827780463005,80.83335555577769,42.0103492884864,164902.0,42324.0,1
2026-07-30T19:11:47Z,1.0,1.0,1.0,2.9166827780463005,80.83335555577769,42.0103492884864,164902.0,42324.0,1
2026-07-30T19:11:54Z,1.0,1.0,1.0,2.9166827780463005,80.83335555577769,42.0103492884864,167162.0,42324.0,1
2026-07-30T19:12:01Z,1.0,nan,nan,0.9666827780463007,84.16666666666663,nan,167162.0,116494.0,1
2026-07-30T19:12:08Z,,,,,,,165159.0,116494.0,
2026-07-30T19:12:14Z,,,,,,,165159.0,116494.0,
2026-07-30T19:12:20Z,,,,,,,165159.0,42379.0,
2026-07-30T19:12:27Z,,,,,,,165159.0,42379.0,
2026-07-30T19:12:34Z,1.0,1.0,1.0,2.600027778240748,48.493505318484026,41.77272727272725,165159.0,42379.0,1
2026-07-30T19:12:41Z,1.0,1.0,1.0,2.600027778240748,48.49350531848404,41.77272727272725,165159.0,42379.0,1
2026-07-30T19:12:47Z,1.0,1.0,1.0,2.600027778240748,48.49350531848404,41.77272727272725,167323.0,42379.0,1
2026-07-30T19:12:54Z,1.0,1.0,1.0,2.600027778240748,48.49350531848404,41.77272727272725,167323.0,42379.0,1
2026-07-30T19:13:01Z,1.0,nan,nan,0.9333333333333333,48.69090909090909,,167323.0,116589.0,1
2026-07-30T19:13:08Z,,,,,,,167450.0,116589.0,
2026-07-30T19:13:15Z,,,,,,,167450.0,42431.0,
2026-07-30T19:13:22Z,,,,,,,167450.0,42431.0,
2026-07-30T19:13:28Z,,,,,,,167450.0,42431.0,
2026-07-30T19:13:34Z,1.0,1.0,1.0,2.5833044449259184,88.2812392579244,43.337016574585626,167450.0,42431.0,1
2026-07-30T19:13:41Z,1.0,1.0,1.0,2.5833044449259184,88.2812392579244,43.337016574585626,167450.0,42431.0,1
2026-07-30T19:13:48Z,1.0,1.0,1.0,2.5833044449259184,88.2812392579244,43.337016574585626,169435.0,42431.0,1
2026-07-30T19:13:54Z,1.0,1.0,1.0,2.5833044449259184,88.2812392579244,43.337016574585626,169435.0,42431.0,1
2026-07-30T19:14:00Z,1.0,nan,nan,0.85,87.25,nan,169435.0,116704.0,1
2026-07-30T19:14:07Z,,,,,,,167524.0,116704.0,
2026-07-30T19:14:14Z,,,,,,,167524.0,116704.0,
2026-07-30T19:14:20Z,,,,,,,167524.0,42487.0,
2026-07-30T19:14:27Z,,,,,,,167524.0,42487.0,
2026-07-30T19:14:34Z,1.0,1.0,1.0,2.7,49.71612903225805,43.87054161162482,167524.0,42487.0,1
2026-07-30T19:14:41Z,1.0,1.0,1.0,2.6999999999999997,49.71612903225806,43.87054161162482,167524.0,42487.0,1
2026-07-30T19:14:47Z,1.0,1.0,1.0,2.6999999999999997,49.71612903225805,43.87054161162482,167524.0,42487.0,1
2026-07-30T19:14:53Z,1.0,1.0,1.0,2.6999999999999997,49.71612903225805,43.87054161162482,169522.0,42487.0,1
2026-07-30T19:15:01Z,1.0,nan,nan,0.9166666666666666,65.62499999999994,nan,169522.0,116799.0,1
2026-07-30T19:15:07Z,,,,,,,167616.0,116799.0,
2026-07-30T19:15:15Z,,,,,,,167616.0,42542.0,
2026-07-30T19:15:21Z,,,,,,,167616.0,42542.0,
2026-07-30T19:15:28Z,,,,,,,167616.0,42542.0,
2026-07-30T19:15:34Z,1.0,1.0,1.0,2.6,49.258278145695364,41.38646616541352,167616.0,42542.0,1
2026-07-30T19:15:41Z,1.0,1.0,1.0,2.6,49.258278145695364,41.38646616541352,167616.0,42542.0,1
2026-07-30T19:15:47Z,1.0,1.0,1.0,2.6,49.258278145695364,41.38646616541352,167616.0,42542.0,1
2026-07-30T19:15:53Z,1.0,1.0,1.0,2.6,49.258278145695364,41.38646616541352,167852.0,42542.0,1
2026-07-30T19:16:00Z,1.0,nan,nan,0.9333333333333333,48.69090909090909,nan,167852.0,116905.0,1
2026-07-30T19:16:07Z,,,,,,,167911.0,116905.0,
2026-07-30T19:16:13Z,,,,,,,167911.0,116905.0,
2026-07-30T19:16:19Z,,,,,,,167911.0,42587.0,
2026-07-30T19:16:26Z,,,,,,,167911.0,42587.0,
2026-07-30T19:16:33Z,1.0,1.0,1.0,2.3,70.49999999999989,42.12941176470587,167911.0,42587.0,1
2026-07-30T19:16:40Z,1.0,1.0,1.0,2.3,70.49999999999989,42.12941176470587,167911.0,42587.0,1
2026-07-30T19:16:46Z,1.0,1.0,1.0,2.3,70.49999999999989,42.12941176470587,167911.0,42587.0,1
2026-07-30T19:16:53Z,1.0,1.0,1.0,2.3,70.49999999999989,42.12941176470587,169909.0,42587.0,1
2026-07-30T19:16:59Z,1.0,1.0,1.0,0.6833333333333333,49.94871794871795,nan,169909.0,117002.0,1
2026-07-30T19:17:06Z,,,,,,,168066.0,117002.0,
2026-07-30T19:17:13Z,,,,,,,168066.0,117002.0,
2026-07-30T19:17:19Z,,,,,,,168066.0,42631.0,
2026-07-30T19:17:26Z,,,,,,,168066.0,42631.0,
2026-07-30T19:17:32Z,1.0,1.0,1.0,2.5666666666666664,49.8095238095238,41.3991416309013,168066.0,42631.0,1
2026-07-30T19:17:39Z,1.0,1.0,1.0,2.5666666666666664,49.8095238095238,41.399141630901276,168066.0,42631.0,1
2026-07-30T19:17:46Z,1.0,1.0,1.0,2.5666666666666664,49.8095238095238,41.399141630901276,168066.0,42631.0,1
2026-07-30T19:17:53Z,1.0,1.0,1.0,2.5666666666666664,49.8095238095238,41.399141630901276,168114.0,42631.0,1
2026-07-30T19:17:59Z,1.0,1.0,1.0,2.5666666666666664,49.853658536585364,nan,168114.0,117109.0,1
2026-07-30T19:18:06Z,,,,,,,168222.0,117109.0,
2026-07-30T19:18:12Z,,,,,,,168222.0,117109.0,
2026-07-30T19:18:19Z,,,,,,,168222.0,42691.0,
2026-07-30T19:18:25Z,,,,,,,168222.0,42691.0,
2026-07-30T19:18:32Z,1.0,1.0,1.0,3.049903338166425,49.51135731868588,43.97932816537468,168222.0,42691.0,1
2026-07-30T19:18:39Z,1.0,1.0,1.0,3.049903338166425,49.51135731868588,43.97932816537468,168222.0,42691.0,1
2026-07-30T19:18:47Z,1.0,1.0,1.0,3.049903338166425,49.51135731868588,43.97932816537468,168222.0,42691.0,1
2026-07-30T19:18:53Z,1.0,1.0,1.0,3.049903338166425,49.51135731868588,43.97932816537468,170179.0,42691.0,1
2026-07-30T19:18:59Z,1.0,1.0,nan,1.1166666666666667,49.16923076923077,nan,170179.0,117227.0,1
2026-07-30T19:19:06Z,,,,,,,168376.0,117227.0,
2026-07-30T19:19:13Z,,,,,,,168376.0,117227.0,
2026-07-30T19:19:19Z,,,,,,,168376.0,42754.0,
2026-07-30T19:19:25Z,,,,,,,168376.0,42754.0,
2026-07-30T19:19:32Z,1.0,1.0,1.0,1.666750004166875,49.23375165262745,38.793277310924374,168376.0,42754.0,1
2026-07-30T19:19:39Z,1.0,1.0,1.0,2.650083337500208,49.23375165262745,38.793277310924374,168376.0,42754.0,1
2026-07-30T19:19:45Z,1.0,1.0,1.0,2.650083337500208,49.23375165262745,38.793277310924374,168376.0,42754.0,1
2026-07-30T19:19:51Z,1.0,1.0,1.0,2.650083337500208,49.23375165262745,38.793277310924374,170393.0,42754.0,1
2026-07-30T19:19:58Z,1.0,1.0,1.0,2.650083337500208,49.23375165262745,38.793277310924374,170393.0,117336.0,1
2026-07-30T19:20:05Z,,,,,,,168532.0,117336.0,
2026-07-30T19:20:11Z,,,,,,,168532.0,117336.0,
2026-07-30T19:20:18Z,,,,,,,168532.0,42810.0,
2026-07-30T19:20:24Z,,,,,,,168532.0,42810.0,
2026-07-30T19:20:31Z,1.0,1.0,1.0,1.8333333333333333,49.8095238095238,41.83452211126962,168532.0,42810.0,1
2026-07-30T19:20:38Z,1.0,1.0,1.0,2.7333333333333334,65.83333333333336,41.83452211126962,168532.0,42810.0,1
2026-07-30T19:20:44Z,1.0,1.0,1.0,2.7333333333333334,65.83333333333336,41.83452211126962,168532.0,42810.0,1
2026-07-30T19:20:50Z,1.0,1.0,1.0,2.7333333333333334,65.83333333333336,41.83452211126962,168666.0,42810.0,1
2026-07-30T19:20:56Z,1.0,1.0,1.0,2.7333333333333334,65.83333333333336,41.83452211126962,168666.0,117446.0,1
2026-07-30T19:21:03Z,,,,,,,168666.0,117446.0,
2026-07-30T19:21:10Z,,,,,,,168687.0,117446.0,
2026-07-30T19:21:16Z,,,,,,,168687.0,42859.0,
2026-07-30T19:21:22Z,,,,,,,168687.0,42859.0,
2026-07-30T19:21:29Z,,,1.0,1.8499999999999999,49.42056074766355,43.658142664872145,168687.0,42859.0,
2026-07-30T19:21:37Z,1.0,1.0,1.0,2.833333333333333,67.30769230769226,43.658142664872145,168687.0,42859.0,1
2026-07-30T19:21:43Z,1.0,1.0,1.0,2.833333333333333,67.30769230769226,43.658142664872145,168687.0,42859.0,1
2026-07-30T19:21:49Z,1.0,1.0,1.0,2.833333333333333,67.30769230769226,43.658142664872145,170892.0,42859.0,1
2026-07-30T19:21:55Z,1.0,1.0,1.0,2.833333333333333,67.30769230769226,43.658142664872145,170892.0,117552.0,1
2026-07-30T19:22:02Z,,,,,,,170892.0,117552.0,
2026-07-30T19:22:09Z,,,,,,,168772.0,117552.0,
2026-07-30T19:22:16Z,,,,,,,168772.0,42919.0,
2026-07-30T19:22:22Z,,,,,,,168772.0,42919.0,
2026-07-30T19:22:29Z,,,,,,,168772.0,42919.0,
2026-07-30T19:22:35Z,1.0,1.0,1.0,2.566666666666667,49.80952380952381,42.709933774834425,168772.0,42919.0,1
2026-07-30T19:22:41Z,1.0,1.0,1.0,2.566666666666667,49.80952380952381,42.709933774834425,168772.0,42919.0,1
2026-07-30T19:22:48Z,1.0,1.0,1.0,2.566666666666667,49.80952380952381,42.709933774834425,168949.0,42919.0,1
2026-07-30T19:22:55Z,1.0,1.0,1.0,2.566666666666667,49.80952380952381,42.709933774834425,168949.0,117616.0,1
2026-07-30T19:23:02Z,,,,,,,168949.0,117616.0,
2026-07-30T19:23:10Z,,,,,,,166778.0,117616.0,
2026-07-30T19:23:16Z,,,,,,,166778.0,42948.0,
2026-07-30T19:23:22Z,,,,,,,166778.0,42948.0,
2026-07-30T19:23:28Z,,,,,,,166778.0,42948.0,
2026-07-30T19:23:35Z,0.7272727272727273,1.0,0.7347294938917975,2.3833333333333333,8297.619047619048,42.38290598290597,166778.0,42948.0,0
2026-07-30T19:23:42Z,0.7272727272727273,1.0,0.7347294938917975,2.3833333333333333,8297.619047619048,42.38290598290597,166778.0,42948.0,0
2026-07-30T19:23:48Z,0.7272727272727273,1.0,0.7347294938917975,2.3833333333333333,8297.619047619048,42.38290598290597,169080.0,42948.0,0
2026-07-30T19:23:54Z,0.7272727272727273,1.0,0.7347294938917975,2.3833333333333333,8297.619047619048,42.38290598290597,169080.0,117693.0,0
2026-07-30T19:24:02Z,0.7674418604651163,,,,,,169080.0,117693.0,0
2026-07-30T19:24:09Z,,,,,,,169090.0,117693.0,
2026-07-30T19:24:15Z,,,,,,,169090.0,42970.0,
2026-07-30T19:24:23Z,,,,,,,169090.0,42970.0,
2026-07-30T19:24:29Z,,,,,,43.105691056910544,169090.0,42970.0,
2026-07-30T19:24:36Z,0.49612403100775193,1.0,0.5042732655338396,2.15,9193.75,43.105691056910544,169090.0,42970.0,0
2026-07-30T19:24:42Z,0.49612403100775193,1.0,0.4946418661568175,2.15,9193.75,43.105691056910544,169090.0,42970.0,0
2026-07-30T19:24:49Z,0.49612403100775193,1.0,0.48492335000499076,2.15,9193.75,43.105691056910544,169183.0,42970.0,0
2026-07-30T19:24:55Z,0.49612403100775193,1.0,0.4762248155740968,2.15,9193.75,43.105691056910544,169183.0,42970.0,0
2026-07-30T19:25:01Z,0.588235294117647,nan,nan,0.5666666666666667,8300.000000000002,nan,169183.0,117769.0,0
2026-07-30T19:25:07Z,,,,,,,169184.0,117769.0,
2026-07-30T19:25:14Z,,,,,,,169184.0,117769.0,
2026-07-30T19:25:20Z,,,,,,,169184.0,43019.0,
2026-07-30T19:25:26Z,,,,,,,169184.0,43019.0,
2026-07-30T19:25:32Z,1.0,1.0,1.0,2.5666666666666664,49.8095238095238,42.00305810397553,169184.0,43019.0,1
2026-07-30T19:25:39Z,1.0,1.0,1.0,2.5666666666666664,49.8095238095238,42.00305810397553,169184.0,43019.0,1
2026-07-30T19:25:45Z,1.0,1.0,1.0,2.5666666666666664,49.80952380952381,42.00305810397553,169184.0,43019.0,1
2026-07-30T19:25:51Z,1.0,1.0,1.0,2.5666666666666664,49.8095238095238,42.00305810397553,171734.0,43019.0,1
2026-07-30T19:25:57Z,1.0,1.0,1.0,2.5666666666666664,49.8095238095238,42.00305810397553,171734.0,117881.0,1
2026-07-30T19:26:04Z,,,,,,,171734.0,117881.0,
2026-07-30T19:26:10Z,,,,,,,169340.0,117881.0,
2026-07-30T19:26:16Z,,,,,,,169340.0,43075.0,
2026-07-30T19:26:22Z,,,,,,,169340.0,43075.0,
2026-07-30T19:26:28Z,,,,,,,169340.0,43075.0,
2026-07-30T19:26:35Z,1.0,1.0,1.0,2.8666666666666663,49.37349397590361,43.93880389429765,169340.0,43075.0,1
2026-07-30T19:26:41Z,1.0,1.0,1.0,2.8666666666666663,49.37349397590361,43.93880389429765,169340.0,43075.0,1
2026-07-30T19:26:47Z,1.0,1.0,1.0,2.8666666666666663,49.37349397590361,43.93880389429765,169340.0,43075.0,1
2026-07-30T19:26:53Z,1.0,1.0,1.0,2.8666666666666663,49.37349397590361,43.93880389429765,172058.0,43075.0,1
2026-07-30T19:27:00Z,1.0,nan,nan,1.0166666666666666,49.96551724137931,nan,172058.0,117986.0,1
2026-07-30T19:27:06Z,,,,,,,169511.0,117986.0,
2026-07-30T19:27:13Z,,,,,,,169511.0,117986.0,
2026-07-30T19:27:19Z,,,,,,,169511.0,43128.0,
2026-07-30T19:27:27Z,,,,,,,169511.0,43128.0,
2026-07-30T19:27:33Z,1.0,1.0,1.0,2.7,55.00000000000003,42.82511210762331,169511.0,43128.0,1
2026-07-30T19:27:40Z,1.0,1.0,1.0,2.7,55.00000000000003,42.82511210762331,169511.0,43128.0,1
2026-07-30T19:27:47Z,1.0,1.0,1.0,2.7,55.00000000000003,42.82511210762331,169511.0,43128.0,1
2026-07-30T19:27:53Z,1.0,1.0,1.0,2.7,55.00000000000003,42.82511210762331,172353.0,43128.0,1
2026-07-30T19:28:00Z,1.0,nan,nan,0.75,48.86363636363636,nan,172353.0,118099.0,1
2026-07-30T19:28:07Z,,,,,,,169561.0,118099.0,
2026-07-30T19:28:14Z,,,,,,,169561.0,118099.0,
2026-07-30T19:28:20Z,,,,,,,169561.0,43179.0,
2026-07-30T19:28:27Z,,,,,,,169561.0,43179.0,
2026-07-30T19:28:34Z,1.0,1.0,1.0,2.283333333333333,77.49999999999997,43.407932011331425,169561.0,43179.0,1
2026-07-30T19:28:40Z,1.0,1.0,1.0,2.283333333333333,77.49999999999997,43.407932011331425,169561.0,43179.0,1
2026-07-30T19:28:47Z,1.0,1.0,1.0,2.283333333333333,77.49999999999997,43.407932011331425,169561.0,43179.0,1
2026-07-30T19:28:54Z,1.0,1.0,1.0,2.283333333333333,77.49999999999997,43.407932011331425,169773.0,43179.0,1
2026-07-30T19:29:00Z,1.0,nan,nan,0.8666666666666667,56.66666666666671,nan,169773.0,118196.0,1
2026-07-30T19:29:07Z,,,,,,,166973.0,118196.0,
2026-07-30T19:29:14Z,,,,,,,166973.0,118196.0,
2026-07-30T19:29:20Z,,,,,,,166973.0,43231.0,
2026-07-30T19:29:26Z,,,,,,,166973.0,43231.0,
2026-07-30T19:29:33Z,1.0,1.0,1.0,3.15,52.7499999999999,41.54508748317633,166973.0,43231.0,1
2026-07-30T19:29:40Z,1.0,1.0,1.0,3.15,52.7499999999999,41.54508748317633,166973.0,43231.0,1
2026-07-30T19:29:46Z,1.0,1.0,1.0,3.15,52.7499999999999,41.54508748317633,166973.0,43231.0,1
2026-07-30T19:29:52Z,1.0,1.0,1.0,3.15,52.7499999999999,41.54508748317633,169856.0,43231.0,1
2026-07-30T19:29:59Z,1.0,1.0,nan,0.85,78.75,nan,169856.0,118319.0,1
2026-07-30T19:30:06Z,,,,,,,170004.0,118319.0,
2026-07-30T19:30:13Z,,,,,,,170004.0,118319.0,
2026-07-30T19:30:19Z,,,,,,,170004.0,43279.0,
2026-07-30T19:30:26Z,,,,,,,170004.0,43279.0,
2026-07-30T19:30:33Z,1.0,1.0,1.0,2.3666533335555515,56.42863435284274,41.15015974440894,170004.0,43279.0,1
2026-07-30T19:30:40Z,1.0,1.0,1.0,2.366653333555552,56.42863435284274,41.15015974440894,170004.0,43279.0,1
2026-07-30T19:30:46Z,1.0,1.0,1.0,2.366653333555552,56.42863435284274,41.15015974440894,170004.0,43279.0,1
2026-07-30T19:30:53Z,1.0,1.0,1.0,2.366653333555552,56.42863435284274,41.15015974440894,172892.0,43279.0,1
2026-07-30T19:30:59Z,1.0,1.0,1.0,2.366653333555552,56.42863435284274,nan,172892.0,118420.0,1
2026-07-30T19:31:05Z,,,,,,,170164.0,118420.0,
2026-07-30T19:31:12Z,,,,,,,170164.0,118420.0,
2026-07-30T19:31:19Z,,,,,,,170164.0,43320.0,
2026-07-30T19:31:25Z,,,,,,,170164.0,43320.0,
2026-07-30T19:31:31Z,1.0,1.0,1.0,1.95,65.35714285714278,42.13927576601671,170164.0,43320.0,1
2026-07-30T19:31:37Z,1.0,1.0,1.0,2.716679444657411,70.20838049814374,42.13927576601671,170164.0,43320.0,1
2026-07-30T19:31:46Z,1.0,1.0,1.0,2.716679444657411,70.20838049814374,42.13927576601671,170164.0,43320.0,1
2026-07-30T19:31:52Z,1.0,1.0,1.0,2.716679444657411,70.20838049814374,42.13927576601671,170214.0,43320.0,1
2026-07-30T19:31:58Z,1.0,1.0,1.0,2.716679444657411,76.99999999999997,nan,170214.0,118535.0,1
2026-07-30T19:32:06Z,,,,,,,167478.0,118535.0,
2026-07-30T19:32:12Z,,,,,,,167478.0,118535.0,
2026-07-30T19:32:19Z,,,,,,,167478.0,43372.0,
2026-07-30T19:32:25Z,,,,,,,167478.0,43372.0,
2026-07-30T19:32:32Z,1.0,1.0,1.0,1.800030000500008,49.08571428571428,42.61493411420206,167478.0,43372.0,1
2026-07-30T19:32:38Z,1.0,1.0,1.0,2.616696667166675,49.50992885835844,42.61493411420206,167478.0,43372.0,1
2026-07-30T19:32:45Z,1.0,1.0,1.0,2.616696667166675,49.50992885835844,42.61493411420206,167478.0,43372.0,1
2026-07-30T19:32:52Z,1.0,1.0,1.0,2.616696667166675,49.50992885835844,42.61493411420206,170338.0,43372.0,1
2026-07-30T19:32:58Z,1.0,1.0,1.0,2.616696667166675,49.50992885835844,42.61493411420206,170338.0,118641.0,1
2026-07-30T19:33:05Z,,,,,,,170497.0,118641.0,
2026-07-30T19:33:12Z,,,,,,,170497.0,118641.0,
2026-07-30T19:33:19Z,,,,,,,170497.0,43415.0,
2026-07-30T19:33:25Z,,,,,,,170497.0,43415.0,
2026-07-30T19:33:32Z,1.0,1.0,1.0,1.8499691671805474,78.49999999999999,42.00561797752806,170497.0,43415.0,1
2026-07-30T19:33:39Z,1.0,1.0,1.0,2.483291945134248,78.49999999999999,42.00561797752808,170497.0,43415.0,1
2026-07-30T19:33:46Z,1.0,1.0,1.0,2.483291945134248,78.49999999999999,42.00561797752808,170497.0,43415.0,1
2026-07-30T19:33:53Z,1.0,1.0,1.0,2.483291945134248,78.49999999999999,42.00561797752808,173080.0,43415.0,1
2026-07-30T19:33:59Z,1.0,1.0,1.0,2.483291945134248,84.16666666666663,nan,173080.0,118748.0,1
2026-07-30T19:34:06Z,,,,,,,170651.0,118748.0,
2026-07-30T19:34:12Z,,,,,,,170651.0,118748.0,
2026-07-30T19:34:18Z,,,,,,,170651.0,43470.0,
2026-07-30T19:34:25Z,,,,,,,170651.0,43470.0,
2026-07-30T19:34:32Z,1.0,1.0,1.0,2.583350555842597,70.19230004923124,43.68542568542567,170651.0,43470.0,1
2026-07-30T19:34:39Z,1.0,1.0,1.0,2.583350555842597,70.19230004923124,43.68542568542567,170651.0,43470.0,1
2026-07-30T19:34:46Z,1.0,1.0,1.0,2.583350555842597,70.19230004923124,43.68542568542567,170651.0,43470.0,1
2026-07-30T19:34:52Z,1.0,1.0,1.0,2.583350555842597,70.1923000492313,43.68542568542567,170651.0,43470.0,1
2026-07-30T19:34:58Z,1.0,1.0,1.0,2.583350555842597,70.19230004923124,43.68542568542567,170651.0,118851.0,1
2026-07-30T19:35:05Z,,,,,,,170814.0,118851.0,
2026-07-30T19:35:11Z,,,,,,,170814.0,118851.0,
2026-07-30T19:35:18Z,,,,,,,170814.0,43525.0,
2026-07-30T19:35:25Z,,,,,,,170814.0,43525.0,
2026-07-30T19:35:32Z,1.0,1.0,1.0,2.783315555851847,53.61089197652611,41.97214484679664,170814.0,43525.0,1
2026-07-30T19:35:39Z,1.0,1.0,1.0,2.783315555851847,53.61089197652611,41.97214484679664,170814.0,43525.0,1
2026-07-30T19:35:46Z,1.0,1.0,1.0,2.783315555851847,53.61089197652598,41.97214484679664,170814.0,43525.0,1
2026-07-30T19:35:53Z,1.0,1.0,1.0,2.783315555851847,53.61089197652611,41.97214484679664,173080.0,43525.0,1
2026-07-30T19:36:01Z,1.0,nan,nan,1.0666488891851804,73.33333333333329,,173080.0,118960.0,1
2026-07-30T19:36:08Z,,,,,,,170982.0,118960.0,
2026-07-30T19:36:15Z,,,,,,,170982.0,43587.0,
2026-07-30T19:36:22Z,,,,,,,170982.0,43587.0,
2026-07-30T19:36:29Z,,,,,,,170982.0,43587.0,
2026-07-30T19:36:35Z,1.0,1.0,1.0,2.9166811113518554,82.23684983850669,43.033149171270715,170982.0,43587.0,1
2026-07-30T19:36:41Z,1.0,1.0,1.0,2.916681111351856,82.23684983850669,43.033149171270715,170982.0,43587.0,1
2026-07-30T19:36:48Z,1.0,1.0,1.0,2.9166811113518554,82.23684983850669,43.033149171270715,171018.0,43587.0,1
2026-07-30T19:36:55Z,1.0,1.0,1.0,2.9166811113518554,82.23684983850669,43.033149171270715,171018.0,119080.0,1
2026-07-30T19:37:02Z,,,,,,,171018.0,119080.0,
2026-07-30T19:37:09Z,,,,,,,168991.0,119080.0,
2026-07-30T19:37:16Z,,,,,,,168991.0,43637.0,
2026-07-30T19:37:23Z,,,,,,,168991.0,43637.0,
2026-07-30T19:37:30Z,,,1.0,1.8666666666666667,59.99999999999994,41.89216944801025,168991.0,43637.0,
2026-07-30T19:37:36Z,1.0,1.0,1.0,2.599987777981478,64.54540633659944,41.89216944801025,168991.0,43637.0,1
2026-07-30T19:37:42Z,1.0,1.0,1.0,2.599987777981478,64.54540633659936,41.89216944801025,168991.0,43637.0,1
2026-07-30T19:37:49Z,1.0,1.0,1.0,2.599987777981478,64.54540633659936,41.89216944801025,171056.0,43637.0,1
2026-07-30T19:37:56Z,1.0,1.0,1.0,2.599987777981478,64.54540633659936,41.89216944801025,171056.0,119183.0,1
2026-07-30T19:38:03Z,,,,,,,171056.0,119183.0,
2026-07-30T19:38:11Z,,,,,,,169125.0,119183.0,
2026-07-30T19:38:18Z,,,,,,,169125.0,43690.0,
2026-07-30T19:38:24Z,,,,,,,169125.0,43690.0,
2026-07-30T19:38:30Z,1.0,1.0,1.0,2.0166666666666666,49.982608695652175,41.65354330708658,169125.0,43690.0,1
2026-07-30T19:38:36Z,1.0,1.0,1.0,3.016683333611116,62.291772570326984,41.65354330708658,169125.0,43690.0,1
2026-07-30T19:38:43Z,1.0,1.0,1.0,3.016683333611116,62.291772570326984,41.65354330708658,169125.0,43690.0,1
2026-07-30T19:38:50Z,1.0,1.0,1.0,3.0166833336111156,62.291772570326984,41.65354330708658,171348.0,43690.0,1
2026-07-30T19:38:57Z,1.0,1.0,1.0,3.0166833336111156,62.291772570326984,41.65354330708658,171348.0,119312.0,1
2026-07-30T19:39:04Z,,,,,,,171348.0,119312.0,
2026-07-30T19:39:10Z,,,,,,,169471.0,119312.0,
2026-07-30T19:39:16Z,,,,,,,169471.0,43738.0,
2026-07-30T19:39:23Z,,,,,,,169471.0,43738.0,
2026-07-30T19:39:30Z,,,1.0,1.9166666666666667,73.86363636363635,40.96398891966757,169471.0,43738.0,
2026-07-30T19:39:37Z,1.0,1.0,1.0,2.683320555768515,73.16667518508105,40.96398891966757,169471.0,43738.0,1
2026-07-30T19:39:44Z,1.0,1.0,1.0,2.683320555768515,73.16667518508105,40.96398891966757,169471.0,43738.0,1
2026-07-30T19:39:51Z,1.0,1.0,1.0,2.683320555768515,73.16667518508105,40.96398891966757,171538.0,43738.0,1
2026-07-30T19:39:58Z,1.0,1.0,1.0,2.683320555768515,73.16667518508105,40.96398891966757,171538.0,119429.0,1
2026-07-30T19:40:05Z,,,,,,,169693.0,119429.0,
2026-07-30T19:40:11Z,,,,,,,169693.0,119429.0,
2026-07-30T19:40:17Z,,,,,,,169693.0,43797.0,
2026-07-30T19:40:24Z,,,,,,,169693.0,43797.0,
2026-07-30T19:40:31Z,1.0,1.0,1.0,1.95,69.68749999999991,42.848648648648634,169693.0,43797.0,1
2026-07-30T19:40:37Z,1.0,1.0,1.0,2.9500166669444488,64.31811673474823,42.848648648648634,169693.0,43797.0,1
2026-07-30T19:40:44Z,1.0,1.0,1.0,2.9500166669444488,64.31811673474814,42.848648648648634,169693.0,43797.0,1
2026-07-30T19:40:51Z,1.0,1.0,1.0,2.9500166669444488,64.31811673474814,42.848648648648634,171573.0,43797.0,1
2026-07-30T19:40:58Z,1.0,1.0,1.0,2.9500166669444488,64.31811673474814,42.848648648648634,171573.0,119545.0,1
2026-07-30T19:41:04Z,,,,,,,169812.0,119545.0,
2026-07-30T19:41:11Z,,,,,,,169812.0,119545.0,
2026-07-30T19:41:17Z,,,,,,,169812.0,43849.0,
2026-07-30T19:41:24Z,,,,,,,169812.0,43849.0,
2026-07-30T19:41:30Z,1.0,1.0,1.0,1.7500000000000004,80.68181818181813,42.39738562091504,169812.0,43849.0,1
2026-07-30T19:41:37Z,1.0,1.0,1.0,2.6333333333333333,80.33333333333329,42.39738562091504,169812.0,43849.0,1
2026-07-30T19:41:43Z,1.0,1.0,1.0,2.6333333333333333,80.33333333333329,42.39738562091504,169812.0,43849.0,1
2026-07-30T19:41:50Z,1.0,1.0,1.0,2.6333333333333333,80.33333333333329,42.39738562091504,171889.0,43849.0,1
2026-07-30T19:41:56Z,1.0,1.0,1.0,2.6333333333333333,80.33333333333329,42.39738562091504,171889.0,119641.0,1
2026-07-30T19:42:03Z,,,,,,,171889.0,119641.0,
2026-07-30T19:42:09Z,,,,,,,170101.0,119641.0,
2026-07-30T19:42:16Z,,,,,,,170101.0,43896.0,
2026-07-30T19:42:23Z,,,,,,,170101.0,43896.0,
2026-07-30T19:42:30Z,,1.0,1.0,1.7000283338055633,48.760000000000005,42.95448275862069,170101.0,43896.0,
2026-07-30T19:42:37Z,1.0,1.0,1.0,2.46669500047223,59.99963541210931,42.95448275862069,170101.0,43896.0,1
2026-07-30T19:42:43Z,1.0,1.0,1.0,2.46669500047223,59.99963541210918,42.95448275862069,170101.0,43896.0,1
2026-07-30T19:42:50Z,1.0,1.0,1.0,2.46669500047223,59.99963541210931,42.95448275862069,171993.0,43896.0,1
2026-07-30T19:42:57Z,1.0,1.0,1.0,2.46669500047223,59.99963541210931,42.95448275862069,171993.0,119760.0,1
2026-07-30T19:43:04Z,,,,,,,171993.0,119760.0,
2026-07-30T19:43:11Z,,,,,,,170170.0,119760.0,
2026-07-30T19:43:17Z,,,,,,,170170.0,43953.0,
2026-07-30T19:43:24Z,,,,,,,170170.0,43953.0,
2026-07-30T19:43:31Z,1.0,1.0,1.0,1.9833002783286948,49.32173913043478,41.46892655367232,170170.0,43953.0,1
2026-07-30T19:43:38Z,1.0,1.0,1.0,2.933284445259246,55.999999999999886,41.46892655367232,170170.0,43953.0,1
2026-07-30T19:43:45Z,1.0,1.0,1.0,2.933284445259246,55.999999999999886,41.46892655367232,170170.0,43953.0,1
2026-07-30T19:43:52Z,1.0,1.0,1.0,2.933284445259246,55.999999999999886,41.46892655367232,172101.0,43953.0,1
2026-07-30T19:43:59Z,1.0,1.0,1.0,2.933284445259246,55.999999999999886,41.46892655367232,172101.0,119866.0,1
2026-07-30T19:44:05Z,,,,,,,170217.0,119866.0,
2026-07-30T19:44:12Z,,,,,,,170217.0,119866.0,
2026-07-30T19:44:19Z,,,,,,,170217.0,44006.0,
2026-07-30T19:44:25Z,,,,,,,170217.0,44006.0,
2026-07-30T19:44:32Z,1.0,1.0,1.0,2.4666808335694483,49.32867259851099,42.91629955947137,170217.0,44006.0,1
2026-07-30T19:44:39Z,1.0,1.0,1.0,2.466680833569448,49.32867259851099,42.91629955947137,170217.0,44006.0,1
2026-07-30T19:44:47Z,1.0,1.0,1.0,2.4666808335694483,49.32867259851099,42.91629955947137,170217.0,44006.0,1
2026-07-30T19:44:53Z,1.0,1.0,1.0,2.4666808335694483,49.32867259851099,42.91629955947137,172204.0,44006.0,1
2026-07-30T19:45:00Z,1.0,nan,nan,0.8500141669027816,49.55102040816327,nan,172204.0,119969.0,1
2026-07-30T19:45:06Z,,,,,,,172430.0,119969.0,
2026-07-30T19:45:13Z,,,,,,,172430.0,119969.0,
2026-07-30T19:45:20Z,,,,,,,172430.0,44055.0,
2026-07-30T19:45:26Z,,,,,,,172430.0,44055.0,
2026-07-30T19:45:33Z,1.0,1.0,1.0,3.0666666666666664,62.72727272727268,41.982608695652175,172430.0,44055.0,1
2026-07-30T19:45:39Z,1.0,1.0,1.0,3.0666666666666664,62.72727272727268,41.982608695652175,172430.0,44055.0,1
2026-07-30T19:45:46Z,1.0,1.0,1.0,3.0666666666666664,62.72727272727268,41.982608695652175,172430.0,44055.0,1
2026-07-30T19:45:53Z,1.0,1.0,1.0,3.0666666666666664,62.72727272727268,41.982608695652175,172560.0,44055.0,1
2026-07-30T19:45:59Z,1.0,1.0,1.0,3.0666666666666664,76.87499999999996,nan,172560.0,120102.0,1
2026-07-30T19:46:05Z,,,,,,,170548.0,120102.0,
2026-07-30T19:46:12Z,,,,,,,170548.0,120102.0,
2026-07-30T19:46:19Z,,,,,,,170548.0,44107.0,
2026-07-30T19:46:25Z,,,,,,,170548.0,44107.0,
2026-07-30T19:46:31Z,1.0,1.0,1.0,2.0999999999999996,68.49999999999996,44.706056129985235,170548.0,44107.0,1
2026-07-30T19:46:38Z,1.0,1.0,1.0,2.95,68.39285714285715,44.70605612998523,170548.0,44107.0,1
2026-07-30T19:46:45Z,1.0,1.0,1.0,2.95,68.39285714285715,44.70605612998523,170548.0,44107.0,1
2026-07-30T19:46:52Z,1.0,1.0,1.0,2.95,68.39285714285715,44.70605612998523,172718.0,44107.0,1
2026-07-30T19:46:59Z,1.0,1.0,1.0,2.95,68.39285714285715,44.70605612998523,172718.0,120208.0,1
2026-07-30T19:47:05Z,,,,,,,170659.0,120208.0,
2026-07-30T19:47:12Z,,,,,,,170659.0,120208.0,
2026-07-30T19:47:18Z,,,,,,,170659.0,44167.0,
2026-07-30T19:47:26Z,,,,,,,170659.0,44167.0,
2026-07-30T19:47:33Z,1.0,1.0,1.0,2.716666666666667,49.20253164556962,40.99154929577463,170659.0,44167.0,1
2026-07-30T19:47:40Z,1.0,1.0,1.0,2.716666666666667,49.20253164556962,40.99154929577463,170659.0,44167.0,1
2026-07-30T19:47:46Z,1.0,1.0,1.0,2.716666666666667,49.20253164556962,40.99154929577463,170659.0,44167.0,1
2026-07-30T19:47:52Z,1.0,1.0,1.0,2.716666666666667,49.20253164556962,40.99154929577463,172819.0,44167.0,1
2026-07-30T19:47:59Z,1.0,1.0,1.0,2.716666666666667,51.66666666666671,nan,172819.0,120309.0,1
2026-07-30T19:48:06Z,,,,,,,172930.0,120309.0,
2026-07-30T19:48:12Z,,,,,,,172930.0,120309.0,
2026-07-30T19:48:19Z,,,,,,,172930.0,44215.0,
2026-07-30T19:48:25Z,,,,,,,172930.0,44215.0,
2026-07-30T19:48:34Z,1.0,1.0,1.0,2.5,70.45454545454547,41.507163323782216,172930.0,44215.0,1
2026-07-30T19:48:40Z,1.0,1.0,1.0,2.5,70.45454545454547,41.507163323782216,172930.0,44215.0,1
2026-07-30T19:48:46Z,1.0,1.0,1.0,2.5,70.45454545454547,41.507163323782216,172930.0,44215.0,1
2026-07-30T19:48:53Z,1.0,1.0,1.0,2.5,70.45454545454547,41.507163323782216,175149.0,44215.0,1
2026-07-30T19:49:00Z,1.0,nan,nan,0.7666666666666666,83.57142857142856,nan,175149.0,120418.0,1
2026-07-30T19:49:07Z,,,,,,,173085.0,120418.0,
2026-07-30T19:49:14Z,,,,,,,173085.0,44265.0,
2026-07-30T19:49:20Z,,,,,,,173085.0,44265.0,
2026-07-30T19:49:27Z,1.0,1.0,1.0,2.1833333333333336,69.16666666666666,42.03592814371257,173085.0,44265.0,1
2026-07-30T19:49:39Z,1.0,1.0,1.0,2.1833333333333336,69.16666666666666,42.03592814371257,173085.0,44265.0,1
2026-07-30T19:49:45Z,1.0,1.0,1.0,2.1833333333333336,69.16666666666666,42.03592814371257,173085.0,44265.0,1
2026-07-30T19:49:52Z,1.0,1.0,1.0,2.1833333333333336,69.16666666666666,42.03592814371257,175354.0,44265.0,1
2026-07-30T19:50:00Z,1.0,nan,nan,0.8166666666666667,85.49999999999994,nan,175354.0,120519.0,1
2026-07-30T19:50:06Z,,,,,,,173138.0,120519.0,
2026-07-30T19:50:13Z,,,,,,,173138.0,44317.0,
2026-07-30T19:50:21Z,,,,,,,173138.0,44317.0,
2026-07-30T19:50:29Z,,,,,,,173138.0,44317.0,
2026-07-30T19:50:35Z,1.0,1.0,1.0,2.9,66.53846153846149,43.37142857142857,173138.0,44317.0,1
2026-07-30T19:50:41Z,1.0,1.0,1.0,2.9,66.53846153846149,43.37142857142857,173138.0,44317.0,1
2026-07-30T19:50:48Z,1.0,1.0,1.0,2.9,66.53846153846149,43.37142857142857,175467.0,44317.0,1
2026-07-30T19:50:55Z,1.0,1.0,1.0,2.9,66.53846153846149,43.37142857142857,175467.0,120626.0,1
2026-07-30T19:51:02Z,1.0,nan,nan,,,,175467.0,120626.0,1
2026-07-30T19:51:08Z,,,,,,,173406.0,120626.0,
2026-07-30T19:51:14Z,,,,,,,173406.0,44373.0,
2026-07-30T19:51:22Z,,,,,,,173406.0,44373.0,
2026-07-30T19:51:28Z,,,,,,,173406.0,44373.0,
2026-07-30T19:51:35Z,1.0,1.0,1.0,2.35,56.78571428571421,42.04432132963987,173406.0,44373.0,1
2026-07-30T19:51:42Z,1.0,1.0,1.0,2.35,56.78571428571421,42.04432132963987,173406.0,44373.0,1
2026-07-30T19:51:49Z,1.0,1.0,1.0,2.35,56.78571428571421,42.04432132963987,175764.0,44373.0,1
2026-07-30T19:51:55Z,1.0,1.0,1.0,2.35,56.78571428571421,42.04432132963987,175764.0,120716.0,1
2026-07-30T19:52:02Z,,,,,,,175764.0,120716.0,
2026-07-30T19:52:09Z,,,,,,,173535.0,120716.0,
2026-07-30T19:52:16Z,,,,,,,173535.0,44418.0,
2026-07-30T19:52:22Z,,,,,,,173535.0,44418.0,
2026-07-30T19:52:29Z,,,,,52.91666666666668,43.42666666666667,173535.0,44418.0,
2026-07-30T19:52:36Z,1.0,1.0,1.0,2.783333333333333,62.0454545454546,43.42666666666667,173535.0,44418.0,1
2026-07-30T19:52:42Z,1.0,1.0,1.0,2.783333333333333,62.0454545454546,43.42666666666667,173535.0,44418.0,1
2026-07-30T19:52:49Z,1.0,1.0,1.0,2.783333333333333,62.0454545454546,43.42666666666667,173625.0,44418.0,1
2026-07-30T19:52:55Z,1.0,1.0,1.0,2.783333333333333,62.0454545454546,43.42666666666667,173625.0,120844.0,1
2026-07-30T19:53:02Z,1.0,nan,,,,,173625.0,120844.0,1
2026-07-30T19:53:08Z,,,,,,,171350.0,120844.0,
2026-07-30T19:53:15Z,,,,,,,171350.0,44479.0,
2026-07-30T19:53:21Z,,,,,,,171350.0,44479.0,
2026-07-30T19:53:28Z,,,,,,,171350.0,44479.0,
2026-07-30T19:53:35Z,1.0,1.0,1.0,2.9833333333333334,48.86857142857142,41.6234939759036,171350.0,44479.0,1
2026-07-30T19:53:42Z,1.0,1.0,1.0,2.9833333333333334,48.86857142857142,41.6234939759036,171350.0,44479.0,1
2026-07-30T19:53:48Z,1.0,1.0,1.0,2.9833333333333334,48.86857142857142,41.6234939759036,173644.0,44479.0,1
2026-07-30T19:53:54Z,1.0,1.0,1.0,2.9833333333333334,48.86857142857142,41.6234939759036,173644.0,44479.0,1
2026-07-30T19:54:01Z,1.0,nan,nan,0.9666666666666667,49.357142857142854,nan,173644.0,120949.0,1
2026-07-30T19:54:08Z,,,,,,,171473.0,120949.0,
2026-07-30T19:54:15Z,,,,,,,171473.0,44541.0,
2026-07-30T19:54:22Z,,,,,,,171473.0,44541.0,
2026-07-30T19:54:28Z,,,,,,,171473.0,44541.0,
2026-07-30T19:54:35Z,1.0,1.0,1.0,2.6666502780509216,73.07691001001274,42.06060606060605,171473.0,44541.0,1
2026-07-30T19:54:42Z,1.0,1.0,1.0,2.666650278050921,73.07691001001274,42.06060606060605,171473.0,44541.0,1
2026-07-30T19:54:48Z,1.0,1.0,1.0,2.6666502780509216,73.07691001001274,42.06060606060605,173988.0,44541.0,1
2026-07-30T19:54:55Z,1.0,1.0,1.0,2.6666502780509216,73.07691001001274,42.06060606060605,173988.0,121052.0,1
2026-07-30T19:55:02Z,,,,,,,173988.0,121052.0,
2026-07-30T19:55:09Z,,,,,,,171773.0,121052.0,
2026-07-30T19:55:16Z,,,,,,,171773.0,44587.0,
2026-07-30T19:55:22Z,,,,,,,171773.0,44587.0,
2026-07-30T19:55:29Z,,,,,,,171773.0,44587.0,
2026-07-30T19:55:35Z,1.0,1.0,1.0,2.48334805580093,65.93761198009989,42.39880059970015,171773.0,44587.0,1
2026-07-30T19:55:42Z,1.0,1.0,1.0,2.48334805580093,65.93761198009989,42.39880059970015,171773.0,44587.0,1
2026-07-30T19:55:49Z,1.0,1.0,1.0,2.48334805580093,65.93761198009989,42.39880059970015,174183.0,44587.0,1
2026-07-30T19:55:56Z,1.0,1.0,1.0,2.48334805580093,65.93761198009989,42.39880059970015,174183.0,121151.0,1
2026-07-30T19:56:03Z,,,,,,,174183.0,121151.0,
2026-07-30T19:56:10Z,,,,,,,174195.0,121151.0,
2026-07-30T19:56:17Z,,,,,,,174195.0,44656.0,
2026-07-30T19:56:24Z,,,,,,,174195.0,44656.0,
2026-07-30T19:56:31Z,1.0,1.0,1.0,1.9,48.67857142857143,40.39402985074627,174195.0,44656.0,1
2026-07-30T19:56:37Z,1.0,1.0,1.0,3.0166666666666666,49.302857142857135,40.39402985074627,174195.0,44656.0,1
2026-07-30T19:56:43Z,1.0,1.0,1.0,3.0166666666666666,49.302857142857135,40.39402985074627,174195.0,44656.0,1
2026-07-30T19:56:50Z,1.0,1.0,1.0,3.0166666666666666,49.302857142857135,40.39402985074627,174323.0,44656.0,1
2026-07-30T19:56:57Z,1.0,1.0,1.0,3.0166666666666666,49.302857142857135,40.39402985074627,174323.0,121256.0,1
2026-07-30T19:57:04Z,,,,,,,171902.0,121256.0,
2026-07-30T19:57:11Z,,,,,,,171902.0,121256.0,
2026-07-30T19:57:18Z,,,,,,,171902.0,44718.0,
2026-07-30T19:57:25Z,,,,,,,171902.0,44718.0,
2026-07-30T19:57:32Z,1.0,1.0,1.0,1.6166666666666663,49.48051948051949,40.794348508634215,171902.0,44718.0,1
2026-07-30T19:57:38Z,1.0,1.0,1.0,2.666666666666667,49.48051948051949,40.794348508634215,171902.0,44718.0,1
2026-07-30T19:57:44Z,1.0,1.0,1.0,2.666666666666667,49.48051948051949,40.794348508634215,171902.0,44718.0,1
2026-07-30T19:57:52Z,1.0,1.0,1.0,2.666666666666667,49.48051948051949,40.794348508634215,174487.0,44718.0,1
2026-07-30T19:57:59Z,1.0,1.0,1.0,2.666666666666667,49.48051948051949,40.794348508634215,174487.0,121370.0,1
2026-07-30T19:58:05Z,,,,,,,174546.0,121370.0,
2026-07-30T19:58:12Z,,,,,,,174546.0,121370.0,
2026-07-30T19:58:18Z,,,,,,,174546.0,44773.0,
2026-07-30T19:58:25Z,,,,,,,174546.0,44773.0,
2026-07-30T19:58:32Z,1.0,1.0,1.0,2.8333333333333335,77.94117647058823,42.68148148148147,174546.0,44773.0,1
2026-07-30T19:58:38Z,1.0,1.0,1.0,2.833333333333333,77.94117647058826,42.68148148148147,174546.0,44773.0,1
2026-07-30T19:58:45Z,1.0,1.0,1.0,2.8333333333333335,77.94117647058826,42.68148148148147,174546.0,44773.0,1
2026-07-30T19:58:52Z,1.0,1.0,1.0,2.8333333333333335,77.94117647058826,42.68148148148147,174668.0,44773.0,1
2026-07-30T19:58:58Z,1.0,1.0,1.0,2.8333333333333335,77.94117647058826,42.68148148148147,174668.0,121491.0,1
2026-07-30T19:59:04Z,,,,,,,172125.0,121491.0,
2026-07-30T19:59:11Z,,,,,,,172125.0,121491.0,
2026-07-30T19:59:18Z,,,,,,,172125.0,44820.0,
2026-07-30T19:59:25Z,,,,,,,172125.0,44820.0,
2026-07-30T19:59:32Z,1.0,1.0,1.0,2.533333333333333,49.83448275862068,41.55947136563878,172125.0,44820.0,1
2026-07-30T19:59:39Z,1.0,1.0,1.0,2.533333333333333,49.83448275862068,41.55947136563876,172125.0,44820.0,1
2026-07-30T19:59:46Z,1.0,1.0,1.0,2.533333333333333,49.83448275862068,41.55947136563876,172125.0,44820.0,1
2026-07-30T19:59:52Z,1.0,1.0,1.0,2.533333333333333,49.83448275862068,41.55947136563876,174761.0,44820.0,1
2026-07-30T19:59:59Z,1.0,1.0,1.0,2.533333333333333,49.83448275862068,41.55947136563876,174761.0,121584.0,1
2026-07-30T20:00:05Z,,,,,,,174861.0,121584.0,
2026-07-30T20:00:12Z,,,,,,,174861.0,121584.0,
2026-07-30T20:00:18Z,,,,,,,174861.0,44877.0,
2026-07-30T20:00:25Z,,,,,,,174861.0,44877.0,
2026-07-30T20:00:31Z,1.0,1.0,1.0,1.8,55.0,42.66136724960252,174861.0,44877.0,1
2026-07-30T20:00:38Z,1.0,1.0,1.0,2.6833333333333336,49.98692810457517,42.66136724960252,174861.0,44877.0,1
2026-07-30T20:00:45Z,1.0,1.0,1.0,2.6833333333333336,49.98692810457517,42.66136724960252,174861.0,44877.0,1
2026-07-30T20:00:52Z,1.0,1.0,1.0,2.6833333333333336,49.98692810457517,42.66136724960252,177551.0,44877.0,1
2026-07-30T20:00:59Z,1.0,1.0,1.0,2.6833333333333336,49.98692810457517,42.66136724960252,177551.0,121688.0,1
2026-07-30T20:01:05Z,,,,,,,174915.0,121688.0,
2026-07-30T20:01:12Z,,,,,,,174915.0,121688.0,
2026-07-30T20:01:19Z,,,,,,,174915.0,44923.0,
2026-07-30T20:01:26Z,,,,,,,174915.0,44923.0,
2026-07-30T20:01:32Z,1.0,1.0,1.0,2.633333333333333,68.63636363636354,42.904891304347814,174915.0,44923.0,1
2026-07-30T20:01:38Z,1.0,1.0,1.0,2.6333333333333333,68.63636363636354,42.904891304347814,174915.0,44923.0,1
2026-07-30T20:01:45Z,1.0,1.0,1.0,2.6333333333333333,68.63636363636354,42.904891304347814,174915.0,44923.0,1
2026-07-30T20:01:52Z,1.0,1.0,1.0,2.6333333333333333,68.63636363636354,42.904891304347814,175130.0,44923.0,1
2026-07-30T20:01:58Z,1.0,1.0,1.0,2.6333333333333333,68.63636363636354,42.904891304347814,175130.0,121791.0,1
2026-07-30T20:02:06Z,,,,,,,175183.0,121791.0,
2026-07-30T20:02:12Z,,,,,,,175183.0,121791.0,
2026-07-30T20:02:19Z,,,,,,,175183.0,44979.0,
2026-07-30T20:02:25Z,,,,,,,175183.0,44979.0,
2026-07-30T20:02:32Z,1.0,1.0,1.0,2.6333183335833295,60.49989583420128,42.96286472148541,175183.0,44979.0,1
2026-07-30T20:02:39Z,1.0,1.0,1.0,2.6333183335833295,60.49989583420128,42.96286472148541,175183.0,44979.0,1
2026-07-30T20:02:46Z,1.0,1.0,1.0,2.6333183335833295,60.49989583420138,42.96286472148541,175183.0,44979.0,1
2026-07-30T20:02:53Z,1.0,1.0,1.0,2.6333183335833295,60.49989583420138,42.96286472148541,177981.0,44979.0,1
2026-07-30T20:02:59Z,1.0,nan,nan,0.899985000249996,72.99999999999997,nan,177981.0,121906.0,1
2026-07-30T20:03:06Z,,,,,,,175344.0,121906.0,
2026-07-30T20:03:12Z,,,,,,,175344.0,121906.0,
2026-07-30T20:03:19Z,,,,,,,175344.0,45036.0,
2026-07-30T20:03:26Z,,,,,,,175344.0,45036.0,
2026-07-30T20:03:33Z,1.0,1.0,1.0,2.7333333333333334,49.44303797468355,40.82059282371294,175344.0,45036.0,1
2026-07-30T20:03:40Z,1.0,1.0,1.0,2.7333333333333334,49.44303797468355,40.82059282371294,175344.0,45036.0,1
2026-07-30T20:03:47Z,1.0,1.0,1.0,2.7333333333333334,49.44303797468355,40.82059282371294,175344.0,45036.0,1
2026-07-30T20:03:53Z,1.0,1.0,1.0,2.7333333333333334,49.44303797468355,40.82059282371294,175458.0,45036.0,1
2026-07-30T20:03:59Z,1.0,1.0,1.0,0.9333333333333333,49.407407407407405,nan,175458.0,122023.0,1
2026-07-30T20:04:06Z,,,,,,,172647.0,122023.0,
2026-07-30T20:04:14Z,,,,,,,172647.0,45085.0,
2026-07-30T20:04:21Z,,,,,,,172647.0,45085.0,
2026-07-30T20:04:27Z,,,,,,,172647.0,45085.0,
2026-07-30T20:04:34Z,1.0,1.0,1.0,2.7000152780324114,49.46153830538946,42.151685393258404,172647.0,45085.0,1
2026-07-30T20:04:41Z,1.0,1.0,1.0,2.7000152780324114,49.46153830538946,42.151685393258404,172647.0,45085.0,1
2026-07-30T20:04:48Z,1.0,1.0,1.0,2.7000152780324114,49.461538305389475,42.151685393258404,175604.0,45085.0,1
2026-07-30T20:04:54Z,1.0,1.0,1.0,2.700015278032412,49.46153830538946,42.151685393258404,175604.0,45085.0,1
2026-07-30T20:05:01Z,1.0,nan,nan,0.9166819446990782,,,175604.0,122114.0,1
2026-07-30T20:05:08Z,,,,,,,175668.0,122114.0,
2026-07-30T20:05:15Z,,,,,,,175668.0,45145.0,
2026-07-30T20:05:21Z,,,,,,,175668.0,45145.0,
2026-07-30T20:05:27Z,,,,,,,175668.0,45145.0,
2026-07-30T20:05:34Z,1.0,1.0,1.0,2.433333333333333,59.44444444444444,42.69985775248933,175668.0,45145.0,1
2026-07-30T20:05:41Z,1.0,1.0,1.0,2.433333333333333,59.44444444444444,42.69985775248933,175668.0,45145.0,1
2026-07-30T20:05:48Z,1.0,1.0,1.0,2.433333333333333,59.44444444444444,42.69985775248933,178610.0,45145.0,1
2026-07-30T20:05:55Z,1.0,1.0,1.0,2.433333333333333,59.44444444444444,42.69985775248933,178610.0,45145.0,1
2026-07-30T20:06:02Z,1.0,nan,nan,0.9166666666666666,,,178610.0,122208.0,1
2026-07-30T20:06:08Z,,,,,,,175713.0,122208.0,
2026-07-30T20:06:14Z,,,,,,,175713.0,45191.0,
2026-07-30T20:06:21Z,,,,,,,175713.0,45191.0,
2026-07-30T20:06:29Z,,,,,,,175713.0,45191.0,
2026-07-30T20:06:35Z,1.0,1.0,1.0,2.5333627782685264,57.777912551689774,41.7522658610272,175713.0,45191.0,1
2026-07-30T20:06:42Z,1.0,1.0,1.0,2.5333627782685264,57.777912551689774,41.7522658610272,175713.0,45191.0,1
2026-07-30T20:06:48Z,1.0,1.0,1.0,2.5333627782685264,57.777912551689774,41.7522658610272,178735.0,45191.0,1
2026-07-30T20:06:55Z,1.0,1.0,1.0,2.5333627782685264,57.777912551689774,41.7522658610272,178735.0,122315.0,1
2026-07-30T20:07:02Z,1.0,nan,nan,,,,178735.0,122315.0,1
2026-07-30T20:38:27Z,,,,,,,,,
2026-07-30T20:39:13Z,,,,,,,,,
2026-07-30T20:39:50Z,,,,,,,,,
2026-07-30T20:40:28Z,,,,,,,,,
2026-07-30T20:41:05Z,,,,,,,,,
2026-07-30T20:41:43Z,,,,,,,,,
2026-07-30T20:42:20Z,,,,,,,,,
2026-07-30T20:42:58Z,,,,,,,,,
2026-07-30T20:43:35Z,,,,,,,,,
2026-07-30T20:44:13Z,,,,,,,,,
2026-07-30T20:44:51Z,,,,,,,,,
2026-07-30T20:45:28Z,,,,,,,,,
2026-07-30T20:46:06Z,,,,,,,,,
2026-07-30T20:46:43Z,,,,,,,,,
2026-07-30T20:47:21Z,,,,,,,,,
2026-07-30T20:47:58Z,,,,,,,,,
2026-07-30T20:48:36Z,,,,,,,,,
2026-07-30T20:49:13Z,,,,,,,,,
2026-07-30T20:49:51Z,,,,,,,,,
2026-07-30T20:50:29Z,,,,,,,,,
2026-07-30T20:51:06Z,,,,,,,,,
2026-07-30T20:51:44Z,,,,,,,,,
2026-07-30T20:52:21Z,,,,,,,,,
2026-07-30T20:52:59Z,,,,,,,,,
2026-07-30T20:53:37Z,,,,,,,,,
2026-07-30T20:54:15Z,,,,,,,,,
2026-07-30T20:54:52Z,,,,,,,,,
2026-07-30T20:55:30Z,,,,,,,,,
2026-07-30T20:56:07Z,,,,,,,,,
2026-07-30T20:56:45Z,,,,,,,,,
2026-07-30T20:57:22Z,,,,,,,,,
2026-07-30T20:58:00Z,,,,,,,,,
2026-07-30T20:58:38Z,,,,,,,,,
2026-07-30T20:59:15Z,,,,,,,,,
2026-07-30T20:59:53Z,,,,,,,,,
2026-07-30T21:00:31Z,,,,,,,,,
2026-07-30T21:01:08Z,,,,,,,,,
2026-07-30T21:01:46Z,,,,,,,,,
2026-07-30T21:02:23Z,,,,,,,,,
2026-07-30T21:03:01Z,,,,,,,,,
2026-07-30T21:03:39Z,,,,,,,,,
2026-07-30T21:04:16Z,,,,,,,,,
2026-07-30T21:04:54Z,,,,,,,,,
2026-07-30T21:05:32Z,,,,,,,,,
2026-07-30T21:06:09Z,,,,,,,,,
2026-07-30T21:06:47Z,,,,,,,,,
2026-07-30T21:07:24Z,,,,,,,,,
2026-07-30T21:08:02Z,,,,,,,,,
2026-07-30T21:08:39Z,,,,,,,,,
2026-07-30T21:09:17Z,,,,,,,,,
2026-07-30T21:09:54Z,,,,,,,,,
2026-07-30T21:10:32Z,,,,,,,,,
2026-07-30T21:11:10Z,,,,,,,,,
2026-07-30T21:11:47Z,,,,,,,,,
2026-07-30T21:12:25Z,,,,,,,,,
2026-07-30T21:13:02Z,,,,,,,,,
2026-07-30T21:13:40Z,,,,,,,,,
2026-07-30T21:14:18Z,,,,,,,,,
2026-07-30T21:14:55Z,,,,,,,,,
2026-07-30T21:15:33Z,,,,,,,,,
2026-07-30T21:16:11Z,,,,,,,,,
2026-07-30T21:16:48Z,,,,,,,,,
2026-07-30T21:17:26Z,,,,,,,,,
2026-07-30T21:18:03Z,,,,,,,,,
2026-07-30T21:18:41Z,,,,,,,,,
2026-07-30T21:19:18Z,,,,,,,,,
2026-07-30T21:19:56Z,,,,,,,,,
2026-07-30T21:20:33Z,,,,,,,,,
2026-07-30T21:21:11Z,,,,,,,,,
2026-07-30T21:21:48Z,,,,,,,,,
2026-07-30T21:22:26Z,,,,,,,,,
2026-07-30T21:23:03Z,,,,,,,,,
2026-07-30T21:23:41Z,,,,,,,,,
2026-07-30T21:24:18Z,,,,,,,,,
2026-07-30T21:24:56Z,,,,,,,,,
2026-07-30T21:25:33Z,,,,,,,,,
2026-07-30T21:26:11Z,,,,,,,,,
2026-07-31T01:53:18Z,,,,,,,,,
2026-07-31T01:53:55Z,,,,,,,,,
2026-07-31T01:54:33Z,,,,,,,,,
2026-07-31T01:55:11Z,,,,,,,,,
2026-07-31T01:55:48Z,,,,,,,,,
2026-07-31T01:56:26Z,,,,,,,,,
2026-07-31T01:57:03Z,,,,,,,,,
2026-07-31T01:57:41Z,,,,,,,,,
2026-07-31T01:58:19Z,,,,,,,,,
2026-07-31T01:58:57Z,,,,,,,,,
2026-07-31T01:59:34Z,,,,,,,,,
2026-07-31T02:00:12Z,,,,,,,,,
2026-07-31T02:00:49Z,,,,,,,,,
2026-07-31T02:01:27Z,,,,,,,,,
2026-07-31T02:02:05Z,,,,,,,,,
2026-07-31T02:02:42Z,,,,,,,,,
2026-07-31T02:03:20Z,,,,,,,,,
2026-07-31T02:03:58Z,,,,,,,,,
2026-07-31T02:04:36Z,,,,,,,,,
2026-07-31T02:05:13Z,,,,,,,,,
2026-07-31T02:05:51Z,,,,,,,,,
2026-07-31T02:06:29Z,,,,,,,,,
2026-07-31T02:07:07Z,,,,,,,,,
2026-07-31T02:07:44Z,,,,,,,,,
2026-07-31T02:08:22Z,,,,,,,,,
2026-07-31T02:09:00Z,,,,,,,,,
2026-07-31T02:09:38Z,,,,,,,,,
2026-07-31T02:10:15Z,,,,,,,,,
2026-07-31T02:10:53Z,,,,,,,,,
2026-07-31T02:11:31Z,,,,,,,,,
2026-07-31T02:12:09Z,,,,,,,,,
2026-07-31T02:12:46Z,,,,,,,,,
2026-07-31T02:13:24Z,,,,,,,,,
2026-07-31T02:14:02Z,,,,,,,,,
2026-07-31T02:14:39Z,,,,,,,,,
